Workbook
Name \a: #REF!
Name \a: #REF!
Name \b: #REF!
Name \b: #REF!
Name Adv_FifteenHundred: #REF!
Name Adv_FifteenHundred: #REF!
Name Annual_Vol: #REF!
Name Buttons: #REF!
Name Buttons: #REF!
Name Cell_Qty: #REF!
Name Cell_Qty_on_MBC: #REF!
Name Chart: #REF!
Name Co_A: #REF!
Name Co_A: #REF!
Name Co_B: #REF!
Name Co_B: #REF!
Name Co_C: #REF!
Name Co_C: #REF!
Name Co_D: #REF!
Name Co_D: #REF!
Name CO_Dur: #REF!
Name Co_E: #REF!
Name Co_E: #REF!
Name Co_F: #REF!
Name Co_F: #REF!
Name CO_Freq: #REF!
Name CO_Percent: #REF!
Name CO_Time_per_Cycle: #REF!
Name Cons_Chg_Interv: #REF!
Name Cons_Dur: #REF!
Name Cons_Freq: #REF!
Name Cons_Percent: #REF!
Name Cons_Time_per_Cycle: #REF!
Name Copy: #REF!
Name Copy: #REF!
Name Copy_Range: #REF!
Name Copy_Range: #REF!
Name Cost_per_Machine: #REF!
Name Criteria_MI: #REF!
Name Criteria_MI: #REF!
Name Cum_FTQ_Loss: #REF!
Name Cycle_Time: #REF!
Name Daily_Vol: #REF!
Name Database_MI: #REF!
Name Database_MI: #REF!
Name Design_Cycle_Time_on_MB: #REF!
Name Design_Thruput_Rate: #REF!
Name Downstream_Loss_Contribution: #REF!
Name DS_CLTQ: #REF!
Name Eff_Mach_CT: #REF!
Name Eff_Mach_CT_Sys: #REF!
Name Eff_Sys_Thru: #REF!
Name End: #REF!
Name End: #REF!
Name EST: #REF!
Name Fifteenhundred: #REF!
Name Fifteenhundred: #REF!
Name Final_Range: #REF!
Name Final_Range: #REF!
Name FTQ_Loss: #REF!

Sheet TOTAL values GCSD
B1: SUMMARY
B3: PART NUMBER | C3: GCSD | D3: ADJ. | E3: PLANT STANDARD
B4: TOTAL TIME | C4: (min) | D4: % | E4: (min)
B5: PER HARNESS
B6: CUTTING | C6: =(CUTTING!J685)/60 -> 3.6935524 | D6: 1.443 | E6: =C6*D6 -> 5.3297961 | M6: Wires number :
B7: EU wire marking penalty | C7: =(CUTTING!L685-CUTTING!J685)/60 -> 0 | D7: 1.443 | E7: =C7*D7 -> 0 | M7: Cutting | N7: =ROUND(M19+M20+M21,3) -> 7.001
B8: TUBE CUTTING | C8: =(CUTTING!L687)/60 -> 1.1582167 | D8: 1.443 | E8: =C8*D8 -> 1.6713067 | M8: Lead Prep | N8: =ROUND(M22,3) -> 21.707
B9: EU- LEAD - PREP | C9: =(('LEAD PREP'!K347)/60)+(CUTTING!L689/60) -> 19.074667 | D9: 1.138 | E9: =C9*D9 -> 21.706971 | M9: R2* Lead Prep | N9: =ROUND(M23,3) -> 2.731
B10: FINAL ASSEMBLY | C10: =(('FA Conns and wires'!T112+'FA Taping'!J81+'FA Miscellaneos'!K141)/60+('LEAD PREP'!K349+'LEAD PREP FA'!K340)/60) -> 59.401187 | D10: 1.078 | E10: =C10*D10 -> 64.03448 | M10: Assembly | N10: =ROUND(M24+M25+M26,3) -> 74.478
B11: FA TEST | C11: =('FA Miscellaneos'!K142)/60 -> 6.7641 | D11: 1.078 | E11: =C11*D11 -> 7.2916998 | M11: TOTAL | N11: =ROUND(N10+N8+N7+N9,3) -> 105.917
B12: FINAL ASSEMBLY PACKING | C12: =(('FA Taping'!J82)+('FA Miscellaneos'!K143))/60 -> 2.92375 | D12: 1.078 | E12: =C12*D12 -> 3.1518025
B13: TOTAL | C13: =SUM(C6:C12) -> 93.015473 | E13: =SUM(E6:E12) -> 103.18606
J14: TOTAL SUMMARY + ANTENNA + OPTICAL FIBER + IGNITION CABLE + HIGH VOLTAGE
B15: HIGH VOLTAGE
B16: PART NUMBER | C16: GCSD | D16: ADJ. | E16: PLANT STANDARD | J16: PART NUMBER | K16: GCSD | L16: ADJ. | M16: PLANT STANDARD
B17: TOTAL TIME | C17: (min) | D17: % | E17: (min) | J17: TOTAL TIME | K17: (min) | L17: % | M17: (min)
B18: PER HARNESS | J18: PER HARNESS
B19: CUTTING | C19: =(CUTTING!J685)/60 -> 3.6935524 | D19: 1.443 | E19: =C19*D19 -> 5.3297961 | J19: CUTTING | K19: =C6 -> 3.6935524 | L19: 1.443 | M19: =K19*L19 -> 5.3297961
B20: TUBE CUTTING | C20: =(CUTTING!L687)/60 -> 1.1582167 | D20: 1.443 | E20: =C20*D20 -> 1.6713067 | J20: EU wire marking penalty | K20: =(CUTTING!L685-CUTTING!J685)/60 -> 0 | L20: 1.443 | M20: =K20*L20 -> 0
B21: LEAD - PREP | C21: =C9 -> 19.074667 | D21: 1.138 | E21: =C21*D21 -> 21.706971 | J21: TUBE CUTTING | K21: =(CUTTING!L687)/60 -> 1.1582167 | L21: 1.443 | M21: =K21*L21 -> 1.6713067
B22: FINAL ASSEMBLY | C22: =('High Voltage'!K111+'FA Conns and wires'!T112+'FA Taping'!J81+'FA Miscellaneos'!K141)/60 -> 58.601188 | D22: 1.078 | E22: =C22*D22 -> 63.17208 | J22: EU- LEAD - PREP | K22: =C9 -> 19.074667 | L22: 1.138 | M22: =K22*L22 -> 21.706971
B23: TOTAL | C23: =SUM(C19:C22) -> 82.527623 | E23: =SUM(E19:E22) -> 91.880154 | J23: EU - R2* LEAD PREP | K23: ='LEAD PREP'!K352/60 -> 2.4 | L23: 1.138 | M23: =K23*L23 -> 2.7312
J24: FINAL ASSEMBLY | K24: =C10 -> 59.401187 | L24: 1.078 | M24: =K24*L24 -> 64.03448
J25: FA TEST | K25: =('FA Miscellaneos'!K142)/60 -> 6.7641 | L25: 1.078 | M25: =K25*L25 -> 7.2916998
J26: FINAL ASSEMBLY PACKING | K26: =(('FA Taping'!J82)+('FA Miscellaneos'!K143))/60 -> 2.92375 | L26: 1.078 | M26: =K26*L26 -> 3.1518025
J27: TOTAL | K27: =SUM(K19:K26) -> 95.415473 | M27: =SUM(M19:M26) -> 105.91726

Sheet CUTTING
A2: Comments | B2: Machine Vendor | C2: Machine | D2: Min Gage | E2: Max Gage | F2: Min Length | G2: Max Length | H2: Global Sec/ Pc | I2: TOTAL Qty Leads | J2: SUB TOTAL | K2: Qty Marked Leads | L2: TOTAL TIME
A3: Drain Wire Automatic Cutting | B3: Drain Wire Cutter | C3: Schleuniger OC3950 | D3: 0.3 | E3: 5 | F3: 50 | G3: 1000 | H3: 1.2301 | J3: =+I3*H3 -> 0 | L3: =J3 -> 0 | M3: Automatic
D4: 0.3 | E4: 5 | F4: 1001 | G4: 1500 | H4: 1.7051 | J4: =+I4*H4 -> 0 | L4: =J4 -> 0 | M4: Automatic
D5: 0.3 | E5: 5 | F5: 1501 | G5: 2000 | H5: 2.2101 | J5: =+I5*H5 -> 0 | L5: =J5 -> 0 | M5: Automatic
D6: 0.3 | E6: 5 | F6: 2001 | G6: 2500 | H6: 2.7451 | J6: =+I6*H6 -> 0 | L6: =J6 -> 0 | M6: Automatic
D7: 0.3 | E7: 5 | F7: 2501 | G7: 3000 | H7: 3.3101 | J7: =+I7*H7 -> 0 | L7: =J7 -> 0 | M7: Automatic
D8: 0.3 | E8: 5 | F8: 3001 | G8: 3500 | H8: 3.9051 | J8: =+I8*H8 -> 0 | L8: =J8 -> 0 | M8: Automatic
D9: 0.3 | E9: 5 | F9: 3501 | G9: 4000 | H9: 4.5301 | J9: =+I9*H9 -> 0 | L9: =J9 -> 0 | M9: Automatic
D10: 0.3 | E10: 5 | F10: 4001 | G10: 4500 | H10: 5.1851 | J10: =+I10*H10 -> 0 | L10: =J10 -> 0 | M10: Automatic
D11: 0.3 | E11: 5 | F11: 4501 | G11: 5000 | H11: 5.8701 | J11: =+I11*H11 -> 0 | L11: =J11 -> 0 | M11: Automatic
D12: 0.3 | E12: 5 | F12: 5001 | G12: 5500 | H12: 6.5851 | J12: =+I12*H12 -> 0 | L12: =J12 -> 0 | M12: Automatic
D13: 0.3 | E13: 5 | F13: 5501 | G13: 6000 | H13: 7.3051 | J13: =+I13*H13 -> 0 | L13: =J13 -> 0 | M13: Automatic
D14: 0.3 | E14: 5 | F14: 6001 | G14: 6500 | H14: 8.0251 | J14: =+I14*H14 -> 0 | L14: =J14 -> 0 | M14: Automatic
D15: 0.3 | E15: 5 | F15: 6501 | G15: 7000 | H15: 8.7451 | J15: =+I15*H15 -> 0 | L15: =J15 -> 0 | M15: Automatic
... D21: 0.3 | E21: 5 | F21: 9501 | G21: 10000 | H21: 13.0651 | J21: =+I21*H21 -> 0 | L21: =J21 -> 0 | M21: Automatic
J22: =+I22*H22 -> 0 | L22: =J22 -> 0
J23: =+I23*H23 -> 0 | L23: =J23 -> 0
J24: =+I24*H24 -> 0 | L24: =J24 -> 0
J25: =+I25*H25 -> 0 | L25: =J25 -> 0
A26: cut coaxial twisted twin cables and multiconductor wires FLEX RAY ETHERNET | B26: Multi & Coaxial Cutter | C26: Schleuniger PS 9550 / 9480 | D26: 0.2 | E26: 10 | F26: 60 | G26: 100 | H26: 4.16 | J26: =+I26*H26 -> 0 | L26: =IF(K26>I26,"ERROR",(K26*H26)*0.1+J26) -> 0 | M26: Automatic
D27: 0.2 | E27: 10 | F27: 101 | G27: 1000 | H27: 4.16 | I27: 1 | J27: =+I27*H27 -> 4.16 | L27: =IF(K27>I27,"ERROR",(K27*H27)*0.1+J27) -> 4.16 | M27: Automatic
D28: 0.2 | E28: 10 | F28: 1001 | G28: 2000 | H28: 5.43 | J28: =+I28*H28 -> 0 | L28: =IF(K28>I28,"ERROR",(K28*H28)*0.15+J28) -> 0 | M28: Automatic
D29: 0.2 | E29: 10 | F29: 2001 | G29: 3000 | H29: 6.6 | J29: =+I29*H29 -> 0 | L29: =IF(K29>I29,"ERROR",(K29*H29)*0.2+J29) -> 0 | M29: Automatic
D30: 0.2 | E30: 10 | F30: 3001 | G30: 4000 | H30: 7.74 | J30: =+I30*H30 -> 0 | L30: =IF(K30>I30,"ERROR",(K30*H30)*0.25+J30) -> 0 | M30: Automatic
D31: 0.2 | E31: 10 | F31: 4001 | G31: 5000 | H31: 8.9 | J31: =+I31*H31 -> 0 | L31: =IF(K31>I31,"ERROR",(K31*H31)*0.3+J31) -> 0 | M31: Automatic
D32: 0.2 | E32: 10 | F32: 5001 | G32: 6000 | H32: 9.99 | J32: =+I32*H32 -> 0 | L32: =IF(K32>I32,"ERROR",(K32*H32)*0.3+J32) -> 0 | M32: Automatic
D33: 0.2 | E33: 10 | F33: 6001 | G33: 7000 | H33: 10.68 | J33: =+I33*H33 -> 0 | L33: =IF(K33>I33,"ERROR",(K33*H33)*0.3+J33) -> 0 | M33: Automatic
D34: 0.2 | E34: 10 | F34: 7001 | G34: 8000 | H34: 12.37 | J34: =+I34*H34 -> 0 | L34: =IF(K34>I34,"ERROR",(K34*H34)*0.3+J34) -> 0 | M34: Automatic
D35: 0.2 | E35: 10 | F35: 8001 | G35: 9000 | H35: 13.01 | J35: =+I35*H35 -> 0 | L35: =IF(K35>I35,"ERROR",(K35*H35)*0.3+J35) -> 0 | M35: Automatic
D36: 0.2 | E36: 10 | F36: 9001 | G36: 10000 | H36: 14.68 | J36: =+I36*H36 -> 0 | L36: =IF(K36>I36,"ERROR",(K36*H36)*0.3+J36) -> 0 | M36: Automatic
D37: 0.2 | E37: 10 | F37: 10001 | G37: 11000 | H37: 15.35 | J37: =+I37*H37 -> 0 | L37: =IF(K37>I37,"ERROR",(K37*H37)*0.3+J37) -> 0 | M37: Automatic
D38: 0.2 | E38: 10 | F38: 11001 | G38: 12000 | H38: 15.96 | J38: =+I38*H38 -> 0 | L38: =IF(K38>I38,"ERROR",(K38*H38)*0.3+J38) -> 0 | M38: Automatic
D39: 0.2 | E39: 10 | F39: 12001 | G39: 13000 | H39: 16.58 | J39: =+I39*H39 -> 0 | L39: =IF(K39>I39,"ERROR",(K39*H39)*0.3+J39) -> 0 | M39: Automatic
D40: 0.2 | E40: 10 | F40: 13001 | G40: 14000 | H40: 17.22 | J40: =+I40*H40 -> 0 | L40: =IF(K40>I40,"ERROR",(K40*H40)*0.3+J40) -> 0 | M40: Automatic
J41: =+I41*H41 -> 0 | L41: =IF(K41>I41,"ERROR",(K41*H41)*0.3+J41) -> 0
J42: =+I42*H42 -> 0 | L42: =IF(K42>I42,"ERROR",(K42*H42)*0.3+J42) -> 0
J43: =+I43*H43 -> 0 | L43: =IF(K43>I43,"ERROR",(K43*H43)*0.3+J43) -> 0
J44: =+I44*H44 -> 0 | L44: =IF(K44>I44,"ERROR",(K44*H44)*0.3+J44) -> 0
A45: cut heavy gage cables | B45: Heavy Gage Cutter | C45: Schleuniger PS9550 | D45: 6 | E45: 10 | F45: 60 | G45: 100 | H45: 3.34 | J45: =+I45*H45 -> 0 | L45: =IF(K45>I45,"ERROR",(K45*H45)*0.1+J45) -> 0 | M45: Automatic
D46: 6 | E46: 10 | F46: 101 | G46: 1000 | H46: 3.34 | I46: 2 | J46: =+I46*H46 -> 6.68 | L46: =IF(K46>I46,"ERROR",(K46*H46)*0.1+J46) -> 6.68 | M46: Automatic
D47: 6 | E47: 10 | F47: 1001 | G47: 2000 | H47: 5.55 | I47: 1 | J47: =+I47*H47 -> 5.55 | L47: =IF(K47>I47,"ERROR",(K47*H47)*0.15+J47) -> 5.55 | M47: Automatic
D48: 6 | E48: 10 | F48: 2001 | G48: 3000 | H48: 7.76 | J48: =+I48*H48 -> 0 | L48: =IF(K48>I48,"ERROR",(K48*H48)*0.2+J48) -> 0 | M48: Automatic
D49: 6 | E49: 10 | F49: 3001 | G49: 4000 | H49: 9.97 | J49: =+I49*H49 -> 0 | L49: =IF(K49>I49,"ERROR",(K49*H49)*0.25+J49) -> 0 | M49: Automatic
D50: 6 | E50: 10 | F50: 4001 | G50: 5000 | H50: 12.19 | J50: =+I50*H50 -> 0 | L50: =IF(K50>I50,"ERROR",(K50*H50)*0.3+J50) -> 0 | M50: Automatic
D51: 6 | E51: 10 | F51: 5001 | G51: 6000 | H51: 14.4 | J51: =+I51*H51 -> 0 | L51: =IF(K51>I51,"ERROR",(K51*H51)*0.3+J51) -> 0 | M51: Automatic
D52: 6 | E52: 10 | F52: 6001 | G52: 9000 | H52: 18.82 | J52: =+I52*H52 -> 0 | L52: =IF(K52>I52,"ERROR",(K52*H52)*0.3+J52) -> 0 | M52: Automatic
D53: 6 | E53: 10 | F53: 9001 | G53: 11000 | H53: 23.24 | J53: =+I53*H53 -> 0 | L53: =IF(K53>I53,"ERROR",(K53*H53)*0.3+J53) -> 0 | M53: Automatic
D54: 6 | E54: 10 | F54: 11001 | G54: 13000 | H54: 28.69 | J54: =+I54*H54 -> 0 | L54: =IF(K54>I54,"ERROR",(K54*H54)*0.3+J54) -> 0 | M54: Automatic
J55: =+I55*H55 -> 0 | L55: =IF(K55>I55,"ERROR",(K55*H55)*0.3+J55) -> 0
J56: =+I56*H56 -> 0 | L56: =IF(K56>I56,"ERROR",(K56*H56)*0.3+J56) -> 0
J57: =+I57*H57 -> 0 | L57: =IF(K57>I57,"ERROR",(K57*H57)*0.3+J57) -> 0
J58: =+I58*H58 -> 0 | L58: =IF(K58>I58,"ERROR",(K58*H58)*0.3+J58) -> 0
A59: cut heavy gage cables | B59: Heavy Gage Cutter For wires longer than 3000 mm automatic coiling is performed (included in the time) | C59: Schleuniger MS 9600 | D59: 11 | E59: 35 | F59: 60 | G59: 100 | H59: 6.48 | J59: =+I59*H59 -> 0 | L59: =IF(K59>I59,"ERROR",(K59*H59)*0.1+J59) -> 0 | M59: Automatic
D60: 11 | E60: 35 | F60: 101 | G60: 1000 | H60: 6.48 | I60: 4 | J60: =+I60*H60 -> 25.92 | L60: =IF(K60>I60,"ERROR",(K60*H60)*0.1+J60) -> 25.92 | M60: Automatic
D61: 11 | E61: 35 | F61: 1001 | G61: 2000 | H61: 7.44 | J61: =+I61*H61 -> 0 | L61: =IF(K61>I61,"ERROR",(K61*H61)*0.15+J61) -> 0 | M61: Automatic
D62: 11 | E62: 35 | F62: 2001 | G62: 3000 | H62: 8.46 | J62: =+I62*H62 -> 0 | L62: =IF(K62>I62,"ERROR",(K62*H62)*0.2+J62) -> 0 | M62: Automatic
D63: 11 | E63: 35 | F63: 3001 | G63: 4000 | H63: 21.72 | J63: =+I63*H63 -> 0 | L63: =IF(K63>I63,"ERROR",(K63*H63)*0.25+J63) -> 0 | M63: Automatic
D64: 11 | E64: 35 | F64: 4001 | G64: 5000 | H64: 22.5 | J64: =+I64*H64 -> 0 | L64: =IF(K64>I64,"ERROR",(K64*H64)*0.3+J64) -> 0 | M64: Automatic
D65: 11 | E65: 35 | F65: 5001 | G65: 6000 | H65: 24 | J65: =+I65*H65 -> 0 | L65: =IF(K65>I65,"ERROR",(K65*H65)*0.3+J65) -> 0 | M65: Automatic
D66: 11 | E66: 35 | F66: 6001 | G66: 9000 | H66: 27.72 | J66: =+I66*H66 -> 0 | L66: =IF(K66>I66,"ERROR",(K66*H66)*0.3+J66) -> 0 | M66: Automatic
D67: 11 | E67: 35 | F67: 9001 | G67: 11000 | H67: 29.88 | J67: =+I67*H67 -> 0 | L67: =IF(K67>I67,"ERROR",(K67*H67)*0.3+J67) -> 0 | M67: Automatic
D68: 11 | E68: 35 | F68: 110001 | G68: 13000 | H68: 32.2 | J68: =+I68*H68 -> 0 | L68: =IF(K68>I68,"ERROR",(K68*H68)*0.3+J68) -> 0 | M68: Automatic
J69: =+I69*H69 -> 0 | L69: =IF(K69>I69,"ERROR",(K69*H69)*0.3+J69) -> 0
J70: =+I70*H70 -> 0 | L70: =IF(K70>I70,"ERROR",(K70*H70)*0.3+J70) -> 0
J71: =+I71*H71 -> 0 | L71: =IF(K71>I71,"ERROR",(K71*H71)*0.3+J71) -> 0
J72: =+I72*H72 -> 0 | L72: =IF(K72>I72,"ERROR",(K72*H72)*0.3+J72) -> 0
A73: cut heavy gage cables | B73: Heavy Gage Cutter For wires longer than 3000 mm automatic coiling is performed (included in the time) | C73: Schleuniger MS 9600 | D73: 36 | E73: 50 | F73: 60 | G73: 100 | H73: 6.84 | J73: =+I73*H73 -> 0 | L73: =IF(K73>I73,"ERROR",(K73*H73)*0.1+J73) -> 0 | M73: Automatic
D74: 36 | E74: 50 | F74: 101 | G74: 1000 | H74: 6.84 | J74: =+I74*H74 -> 0 | L74: =IF(K74>I74,"ERROR",(K74*H74)*0.1+J74) -> 0 | M74: Automatic
D75: 36 | E75: 50 | F75: 1001 | G75: 2000 | H75: 8.1 | J75: =+I75*H75 -> 0 | L75: =IF(K75>I75,"ERROR",(K75*H75)*0.15+J75) -> 0 | M75: Automatic
D76: 36 | E76: 50 | F76: 2001 | G76: 3000 | H76: 9.42 | J76: =+I76*H76 -> 0 | L76: =IF(K76>I76,"ERROR",(K76*H76)*0.2+J76) -> 0 | M76: Automatic
D77: 36 | E77: 50 | F77: 3001 | G77: 4000 | H77: 22.8 | J77: =+I77*H77 -> 0 | L77: =IF(K77>I77,"ERROR",(K77*H77)*0.25+J77) -> 0 | M77: Automatic
D78: 36 | E78: 50 | F78: 4001 | G78: 5000 | H78: 24.6 | J78: =+I78*H78 -> 0 | L78: =IF(K78>I78,"ERROR",(K78*H78)*0.3+J78) -> 0 | M78: Automatic
D79: 36 | E79: 50 | F79: 5001 | G79: 6000 | H79: 26.1 | J79: =+I79*H79 -> 0 | L79: =IF(K79>I79,"ERROR",(K79*H79)*0.3+J79) -> 0 | M79: Automatic
D80: 36 | E80: 50 | F80: 6001 | G80: 9000 | H80: 29.4 | J80: =+I80*H80 -> 0 | L80: =IF(K80>I80,"ERROR",(K80*H80)*0.3+J80) -> 0 | M80: Automatic
D81: 36 | E81: 50 | F81: 9001 | G81: 11000 | H81: 32.52 | J81: =+I81*H81 -> 0 | L81: =IF(K81>I81,"ERROR",(K81*H81)*0.3+J81) -> 0 | M81: Automatic
D82: 36 | E82: 50 | F82: 110001 | G82: 13000 | H82: 35.97 | J82: =+I82*H82 -> 0 | L82: =IF(K82>I82,"ERROR",(K82*H82)*0.3+J82) -> 0 | M82: Automatic
J83: =+I83*H83 -> 0 | L83: =IF(K83>I83,"ERROR",(K83*H83)*0.3+J83) -> 0
J84: =+I84*H84 -> 0 | L84: =IF(K84>I84,"ERROR",(K84*H84)*0.3+J84) -> 0
J85: =+I85*H85 -> 0 | L85: =IF(K85>I85,"ERROR",(K85*H85)*0.3+J85) -> 0
J86: =+I86*H86 -> 0 | L86: =IF(K86>I86,"ERROR",(K86*H86)*0.3+J86) -> 0
A87: cut heavy gage cables | B87: Heavy Gage Cutter For wires longer than 3000 mm automatic coiling is performed (included in the time) | C87: Schleuniger MS 9600 | D87: 51 | E87: 70 | F87: 60 | G87: 100 | H87: 7.38 | J87: =+I87*H87 -> 0 | L87: =IF(K87>I87,"ERROR",(K87*H87)*0.1+J87) -> 0 | M87: Automatic
D88: 51 | E88: 70 | F88: 101 | G88: 1000 | H88: 7.38 | J88: =+I88*H88 -> 0 | L88: =IF(K88>I88,"ERROR",(K88*H88)*0.1+J88) -> 0 | M88: Automatic
D89: 51 | E89: 70 | F89: 1001 | G89: 2000 | H89: 9.42 | J89: =+I89*H89 -> 0 | L89: =IF(K89>I89,"ERROR",(K89*H89)*0.15+J89) -> 0 | M89: Automatic
D90: 51 | E90: 70 | F90: 2001 | G90: 3000 | H90: 11.34 | J90: =+I90*H90 -> 0 | L90: =IF(K90>I90,"ERROR",(K90*H90)*0.2+J90) -> 0 | M90: Automatic
D91: 51 | E91: 70 | F91: 3001 | G91: 4000 | H91: 25.8 | J91: =+I91*H91 -> 0 | L91: =IF(K91>I91,"ERROR",(K91*H91)*0.25+J91) -> 0 | M91: Automatic
D92: 51 | E92: 70 | F92: 4001 | G92: 5000 | H92: 27.12 | J92: =+I92*H92 -> 0 | L92: =IF(K92>I92,"ERROR",(K92*H92)*0.3+J92) -> 0 | M92: Automatic
D93: 51 | E93: 70 | F93: 5001 | G93: 6000 | H93: 29.28 | J93: =+I93*H93 -> 0 | L93: =IF(K93>I93,"ERROR",(K93*H93)*0.3+J93) -> 0 | M93: Automatic
D94: 51 | E94: 70 | F94: 6001 | G94: 9000 | H94: 34.92 | J94: =+I94*H94 -> 0 | L94: =IF(K94>I94,"ERROR",(K94*H94)*0.3+J94) -> 0 | M94: Automatic
D95: 51 | E95: 70 | F95: 9001 | G95: 11000 | H95: 39 | J95: =+I95*H95 -> 0 | L95: =IF(K95>I95,"ERROR",(K95*H95)*0.3+J95) -> 0 | M95: Automatic
D96: 51 | E96: 70 | F96: 110001 | G96: 13000 | H96: 43.55 | J96: =+I96*H96 -> 0 | L96: =IF(K96>I96,"ERROR",(K96*H96)*0.3+J96) -> 0 | M96: Automatic
J97: =+I97*H97 -> 0 | L97: =IF(K97>I97,"ERROR",(K97*H97)*0.3+J97) -> 0
J98: =+I98*H98 -> 0 | L98: =IF(K98>I98,"ERROR",(K98*H98)*0.3+J98) -> 0
J99: =+I99*H99 -> 0 | L99: =IF(K99>I99,"ERROR",(K99*H99)*0.3+J99) -> 0
J100: =+I100*H100 -> 0 | L100: =IF(K100>I100,"ERROR",(K100*H100)*0.3+J100) -> 0
A101: cut heavy gage cables | B101: Heavy Gage Cutter For wires longer than 3000 mm automatic coiling is performed (included in the time) | C101: Schleuniger MS 9600 | D101: 71 | E101: 103 | F101: 60 | G101: 100 | H101: 9.6 | J101: =+I101*H101 -> 0 | L101: =IF(K101>I101,"ERROR",(K101*H101)*0.1+J101) -> 0 | M101: Automatic
D102: 71 | E102: 103 | F102: 101 | G102: 1000 | H102: 9.6 | J102: =+I102*H102 -> 0 | L102: =IF(K102>I102,"ERROR",(K102*H102)*0.1+J102) -> 0 | M102: Automatic
D103: 71 | E103: 103 | F103: 1001 | G103: 2000 | H103: 12.6 | J103: =+I103*H103 -> 0 | L103: =IF(K103>I103,"ERROR",(K103*H103)*0.15+J103) -> 0 | M103: Automatic
D104: 71 | E104: 103 | F104: 2001 | G104: 3000 | H104: 15.96 | J104: =+I104*H104 -> 0 | L104: =IF(K104>I104,"ERROR",(K104*H104)*0.2+J104) -> 0 | M104: Automatic
D105: 71 | E105: 103 | F105: 3001 | G105: 4000 | H105: 31.02 | J105: =+I105*H105 -> 0 | L105: =IF(K105>I105,"ERROR",(K105*H105)*0.25+J105) -> 0 | M105: Automatic
D106: 71 | E106: 103 | F106: 4001 | G106: 5000 | H106: 34.98 | J106: =+I106*H106 -> 0 | L106: =IF(K106>I106,"ERROR",(K106*H106)*0.3+J106) -> 0 | M106: Automatic
...

Sheet LEAD PREP
A1: LEAD PREP PROCESS
A2: SEAL APPLICATIONS (Including Grommet Pass through) | B2: COMMENTS | C2: Machine | D2: Multicond? | E2: Min Gage | F2: Max Gage | H2: Global Sec/ Pc | I2: Location LP/FA | J2: QTY | K2: TOTAL
A3: APPLY SEAL | B3: apply seal in a normal cable | C3: Seal Station / per application | E3: 0.13 | F3: 8 | H3: 5.26 | I3: LP | J3: 1 | K3: =+J3*H3 -> 5.26 | L3: LP | M3: Automatic
B4: apply seals in multiconductor cable (to be applied also to apply seal to subassiemblies) | D4: Y | E4: 0.13 | F4: 8 | H4: 6 | I4: LP | J4: 2 | K4: =+J4*H4 -> 12 | L4: FA | M4: Automatic
A5: APPLY / PLUG SEAL / CAVITY PLUG TO CONNECTOR | B5: Insert cavity plugs in connectors | C5: Seal Station / per application (masks or small devices to support can be used) | H5: 4 | I5: LP | J5: 30 | K5: =+J5*H5 -> 120 | M5: R2*
A6: PERFORATE CONNECTOR AND CONNECTOR COMPONENTS | B6: punch holes in connector / seal / perforate plugs of connector cover | C6: Newmatic punch press | H6: 9 | I6: LP | K6: =+J6*H6 -> 0 | M6: Semi-automatic
A7: PERFORATE BOOT | B7: Perforate connector boot | C7: Newmatic punch press | H7: 12.67 | I7: LP | K7: =+J7*H7 -> 0 | M7: Automatic
A8: APPLY BACKSHELL TO CONN | B8: apply backshell to connector | C8: manual tool | H8: 10.4 | I8: LP | K8: =+J8*H8 -> 0 | M8: Semi-automatic
A9: SEAL OVER CONN | B9: apply seal over connector | C9: Seal Inserter for Conn seal | H9: 9.75 | I9: LP | K9: =+J9*H9 -> 0 | M9: Automatic
A10: APPLY MIXED FLUIDS | B10: mix up fluids into grommet | C10: Two Fluids machine | H10: 17.4 | I10: LP | K10: =+J10*H10 -> 0 | M10: Automatic
A11: INSRT LEADS IN GROM | B11: grommets boots & sleeves over branch | C11: Grommet Spreader (4 bill) | H11: 28.08 | I11: LP | K11: =+J11*H11 -> 0 | M11: Manual
A12: JOIN CABLE TIE WITH BODY CLIP | B12: per component application | C12: manual station to join two seperate DPN / APN | H12: 3 | I12: LP | J12: 8 | K12: =+J12*H12 -> 24 | M12: R2*
K13: =+J13*H13 -> 0
K14: =+J14*H14 -> 0
A16: SEALING (including LMX, RAYBLOCK, coldmelt) | B16: COMMENTS | C16: Machine Vendor | D16: Min Gage | E16: Max Gage | F16: Min Length | G16: Max Length | H16: Global Sec/ Pc | I16: Location LP/FA | J16: QTY | K16: Total
A17: Heat Shrink on term. including automatic cooling (performed by the shrinking machine) | B17: heat shrink over terminal Cooling of the tubes shrinked over ring terminal and over the cable (average time, taking into consideration set of subs is cooled at the same time) | C17: IR 1891Shuttle - Air, Slide Toaster, etc. | D17: 0 mm² | E17: 30mm² | H17: 13.5 | I17: LP | J17: 5 | K17: =+J17*H17 -> 67.5 | M17: Manual
D18: 31 mm² | E18: 120mm² | H18: 24 | I18: LP | J18: 2 | K18: =+J18*H18 -> 48 | M18: Automatic
A19: HEAT SHRINK | B19: heat shrink over cable / multiconductor cable including drain wire (often on drain wire of multiconductor where diameter of tubes are smaller or equal to 6 mm) | C19: Heat Shrink station | F19: 0 | G19: 80 | H19: 15.6 | I19: LP | J19: 1 | K19: =+J19*H19 -> 15.6 | M19: Automatic
F20: 81 | G20: 160 | H20: 18.61 | I20: LP | K20: =+J20*H20 -> 0 | M20: Automatic
A21: HEAT SHRINK OVER CONNECTOR to be used also for Heat shrink sleeve/tube over hose | B21: per connector / hose | C21: Raychem IR 03/15 & R.Semiautom./ FLS MK2 'Speed 40-90 / Temp. 100ºC | H21: 49.13 | I21: LP | K21: =+J21*H21 -> 0 | M21: Manual
B22: per hot melt (additional glue / sealing) application - to be used also for splices and multiconductors (plastic ferrules application) | F22: 1 | G22: 99999 | H22: 3.73 | I22: LP | K22: =+J22*H22 -> 0 | M22: Automatic
A23: Sealing of strands from ring terminal | B23: Cover crimped strands from a ring terminal with sealing to protect them against environment (when customer request) | C23: Heat Gun | H23: 65 | I23: LP | K23: =+J23*H23 -> 0 | M23: Manual
K24: =+J24*H24 -> 0
A25: HEAT SHRINK | B25: antena heat shrinking on metal terminal | F25: 2 | G25: 99999 | H25: 20.74 | I25: LP | K25: =+J25*H25 -> 0 | M25: Manual
A26: HEAT SHRINK CD SLEEVE | B26: shrinking sleeve with cadmium solder | C26: Heat shrink Cd sleeve Station | H26: 46.6 | I26: LP | K26: =+J26*H26 -> 0 | M26: Manual
A27: HEAT SHRINK GROMMET | B27: shrink grommet over a harness branch | C27: Heat shrink grommet Station | H27: 69.82 | I27: LP | K27: =+J27*H27 -> 0 | M27: Automatic
A28: HEAT SHRINK TUBE END | B28: Apply heat to seal the Watter tube end | C28: Heat shrink tube end Station | H28: 4.07 | I28: LP | K28: =+J28*H28 -> 0 | M28: Manual
A29: COLD MELT / BUTYL | B29: Get and apply Coldmelt / Butyl Strips - press each piece with a plier/press - PER PIECE | C29: Use press for more than 5 strips If press is not used, pliers must be use always | D29: up to 4 pcs | H29: 33.02 | I29: LP | K29: =+J29*H29 -> 0 | M29: Manual
D30: 5 to 9 pcs | H30: 49.53 | I30: LP | K30: =+J30*H30 -> 0 | M30: Manual
D31: 10 or more pcs | H31: 66.04 | I31: LP | K31: =+J31*H31 -> 0 | M31: Manual
B32: Form the Coldmelt and position sleeve | C32: Manual work | H32: 28.67 | I32: LP | K32: =+J32*H32 -> 0 | M32: Manual
B33: Shrinking of the tube over sealing branch Load/Cycle/Unload | C33: DSG Canusa Sealman 70 | D33: 3 to 4 pcs | H33: 72 | I33: LP | K33: =+J33*H33 -> 0 | M33: Manual
D34: 5 to 9 pcs | H34: 187 | I34: LP | K34: =+J34*H34 -> 0 | M34: Manual
D35: 10 or more pcs | H35: 225 | I35: LP | K35: =+J35*H35 -> 0 | M35: Manual
A36: TEROSTAT PREPARATION | B36: terostat preparation (including weight) | D36: Portion weighted and ready to use | H36: 9.04 | I36: LP | K36: =+J36*H36 -> 0 | M36: R2*
B37: Slice terostat when provided in block (if applies) AP REGION ONLY | C37: Gilotinue | H37: 6.916 | I37: LP | K37: =+J37*H37 -> 0 | M37: R2*
B38: Remove protection and make portion of terostat flat (if applies) AP REGION ONLY | C38: Manual work | H38: 11.78 | I38: LP | K38: =+J38*H38 -> 0 | M38: R2*
A39: BATTERIES | B39: COMMENTS | C39: Machine | D39: Special Component | H39: Global Sec/ Pc | I39: Location LP/FA | J39: QTY | K39: Total
A40: BATTERY COVER | B40: battery cover | C40: batt cover & Bolt Station | H40: 6 | I40: LP | K40: =+J40*H40 -> 0 | M40: Automatic
A41: BATTERY COVER & BOLT | B41: battery cover & bolt | C41: batt cover & bolt Station | H41: 10 | I41: LP | K41: =+J41*H41 -> 0 | M41: Automatic
A42: APPLY BOOT | B42: apply boot over terminal | C42: Grommet Spreader (2 bill) | H42: 6.9 | I42: LP | K42: =+J42*H42 -> 0 | M42: Automatic
A43: BOLT INTO BATTERY TERM | B43: bolt into battery term | C43: batt cover & Bolt Station | D43: 12066325 | H43: 14.8 | I43: LP | K43: =+J43*H43 -> 0 | M43: Automatic
B44: bolt into battery term | C44: batt cover & Bolt Station | D44: 12092218 | H44: 14.8 | I44: LP | K44: =+J44*H44 -> 0 | M44: Automatic
B45: bolt into battery term | C45: batt cover & Bolt Station | H45: 5.8 | I45: LP | K45: =+J45*H45 -> 0 | M45: Automatic
K46: =+J46*H46 -> 0 | M46: Automatic
K47: =+J47*H47 -> 0
A49: CUT BRAIDED SLEEVE (HOT GUILLOTINE) | B49: COMMENTS | C49: Machine Vendor | F49: Min Length | G49: Max Length | H49: Global Sec/ Pc | I49: Location LP/FA | J49: QTY | K49: Total
A50: CUT BRAIDED SLEEVE | B50: Cut sleeve with hot guillotine | C50: Guillotine | F50: 0 | G50: 100 | H50: 2.973 | I50: LP | J50: 1 | K50: =+J50*H50 -> 2.973 | M50: Automatic
F51: 101 | G51: 200 | H51: 3.05 | I51: LP | J51: 1 | K51: =+J51*H51 -> 3.05 | M51: Automatic
F52: 201 | G52: 300 | H52: 3.1 | I52: LP | J52: 2 | K52: =+J52*H52 -> 6.2 | M52: Automatic
F53: 301 | G53: 400 | H53: 3.31 | I53: LP | K53: =+J53*H53 -> 0 | M53: Automatic
F54: 401 | G54: 500 | H54: 3.569 | I54: LP | K54: =+J54*H54 -> 0 | M54: Automatic
F55: 501 | G55: 600 | H55: 3.828 | I55: LP | K55: =+J55*H55 -> 0 | M55: Automatic
F56: 601 | G56: 700 | H56: 4.087 | I56: LP | K56: =+J56*H56 -> 0 | M56: Automatic
F57: 701 | G57: 800 | H57: 4.346 | I57: LP | K57: =+J57*H57 -> 0 | M57: Automatic
F58: 801 | G58: 900 | H58: 4.605 | I58: LP | K58: =+J58*H58 -> 0 | M58: Automatic
F59: 901 | G59: 1000 | H59: 4.864 | I59: LP | K59: =+J59*H59 -> 0 | M59: Automatic
F60: 1001 | G60: 1200 | H60: 5.382 | I60: LP | K60: =+J60*H60 -> 0 | M60: Automatic
F61: 1201 | G61: 1400 | H61: 5.9 | I61: LP | K61: =+J61*H61 -> 0 | M61: Automatic
A67: COMPONENTS | B67: COMMENTS | C67: Machine Vendor | H67: Global Sec/ Pc | I67: Location LP/FA | J67: QTY | K67: Total
A68: REOPEN TWISTED WIRES / Untwist wires | B68: reopen twisted wires NOTE: to be used for twists cut from reel /multiconductors / purchased parts when additional processes to be applied on LP; to be used also to reopen / untwist for splicing operation for wires coming from BT 188 and when twisted wires with different length | C68: Reopen Twisted Wires Station | H68: 2.7 | I68: LP | K68: =+J68*H68 -> 0 | M68: Manual
A69: Untwist FLEX RAY, CAN & CAN FD twisted wires (for both jacketed and unjacketed twists) Untwist ETHERNET wires | B69: first step is to untwist Flex Ray, CAN, CAN FD twisted wires, then second to strigth the single wires from previously untwisted to prepare them for crimping operation the time is for pair of twisted wires Untwist Ethernet wires | C69: TEKNOMATIK (EU) / Untwister Exmore (NA) | D69: Starting point: introduction of wire in the machine, finishing point: wire is taken out of the machine . | H69: 8 | I69: LP | K69: =+J69*H69 -> 0
A70: Untwist ETHERNET wires (NA) | B70: Untwist Ethernet wires | C70: Untwister Exmore (NA) | H70: 7 | I70: LP
A71: ELECTRONIC SOLDERING | B71: solder wires in electronic circuit | C71: Electronic Solder | H71: 10.51 | I71: LP | K71: =+J71*H71 -> 0 | M71: Manual
K72: =+J72*H72 -> 0
A74: TERMINATE | B74: COMMENTS | C74: Machine Vendor | D74: Min Gage | E74: Max Gage | H74: Global Sec/ Pc | I74: Location LP/FA | J74: QTY | K74: Total
A75: TERMINATE | B75: single crimping | C75: Terminal Press / per crimp (Including diodes and resistors) | D75: 0.22 | E75: 1.5 | H75: 2.62 | I75: LP | K75: =+J75*H75 -> 0 | M75: Automatic
C76: Terminal Press / per crimp Use also for: crimp fuse term (bus bar) per wire | D76: 2 | E76: 7 | H76: 2.87 | I76: LP | K76: =+J76*H76 -> 0 | M76: Semi-automatic
C77: crimp (bus bar) per each empty terminal | D77: bus bar term press | H77: 1.08 | I77: LP | K77: =+J77*H77 -> 0 | M77: Manual
B78: single crimping in multiconductors (Also to be applied for drain wires and subassemblies crimping) | C78: Terminal Press / per crimp | D78: 0 | E78: 6 | H78: 6.3 | I78: LP | J78: 3 | K78: =+J78*H78 -> 18.9 | M78: Semi-automatic
B79: terminal orientation for heavy gauge | C79: support station / tool | D79: 8 | E79: 103 | H79: 6 | I79: LP | K79: =+J79*H79 -> 0
B80: single crimping for battery wires | C80: Heavy Gage Press / per crimp | D80: 8 | E80: 103 | H80: 6.09 | I80: LP | K80: =+J80*H80 -> 0 | M80: Manual
B81: single crimping with seal | C81: Crimp is done in a Terminal Press. NOTE: seal was previously applied by hand in a separate station | D81: 0 | E81: 10 | H81: 6.67 | I81: LP | J81: 3 | K81: =+J81*H81 -> 20.01 | M81: Manual
B82: double crimping | C82: Terminal Press / per crimp | D82: 0.13 | E82: 0.35 | H82: 5.39 | I82: LP | K82: =+J82*H82 -> 0 | M82: Manual
D83: 0.5 | E83: 0.85 | H83: 5.29 | I83: LP | K83: =+J83*H83 -> 0 | M83: Automatic
D84: 1 | E84: 2 | H84: 5.22 | I84: LP | K84: =+J84*H84 -> 0 | M84: Automatic
D85: 2.5 | E85: 7 | H85: 5.77 | I85: LP | K85: =+J85*H85 -> 0 | M85: Automatic
B86: double crimping for 0.13/0.13 and other combinations with 0.13 | C86: Terminal Press / per crimp | D86: 0.13 | E86: 0.35 | H86: 14 | I86: LP | K86: =+J86*H86 -> 0 | M86: Automatic
B87: double crimping for multiconductors | C87: Terminal Press / per crimp | D87: 0 | E87: 5 | H87: 8.2 | I87: LP | K87: =+J87*H87 -> 0 | M87: Automatic
B88: double crimping for battery wires | C88: Heavy Gage Press / per crimp | D88: 8 | E88: 103 | H88: 13.85 | I88: LP | K88: =+J88*H88 -> 0 | M88: Automatic
B89: mutiple crimping (>2 wires) | C89: Terminal Press / per crimp | D89: 0.13 | E89: 7 | H89: 10.5 | I89: LP | K89: =+J89*H89 -> 0 | M89: Automatic
B90: mutiple crimping (>2 wires) battery | C90: Heavy Gage Press / per crimp | D90: 8 | E90: 103 | H90: 19.6 | I90: LP | K90: =+J90*H90 -> 0 | M90: Automatic
B91: single crimping for barrel terminals | C91: Barrel Press / per crimp | D91: 0.22 | E91: 8 | H91: 9.89 | I91: LP | K91: =+J91*H91 -> 0 | M91: Manual
B92: Crimping loose piece term (1 wire) (BUS CIRC terminal / battery / other) NOTE: to be used also for wings closing operation for soldered ground terminal | C92: Heavy Gage Press-Loose piece | D92: 0.3 | E92: 103 | H92: 7.6 | I92: LP | J92: 8 | K92: =+J92*H92 -> 60.8 | M92: Automatic
B93: crimping loose piece (2 wires) | D93: 8 | E93: 103 | H93: 9.6 | I93: LP | K93: =+J93*H93 -> 0 | M93: Automatic
B94: crimping loose piece (3 wires) | D94: 8 | E94: 103 | H94: 14.51 | I94: LP | K94: =+J94*H94 -> 0 | M94: Automatic
B95: crimping loose piece (>3 wires) | D95: 8 | E95: 103 | H95: 16.4 | I95: LP | K95: =+J95*H95 -> 0 | M95: Automatic
B96: Crimping additional control for tubular / special applications USE ALSO FOR SPLICE SAVER GEN 1,5 CONTROL NOTE: only when requested by the Customer | C96: Magnifier glass | D96: 0 | E96: 103 | H96: 0.8 | I96: LP | K96: =+J96*H96 -> 0 | M96: Manual
B97: Crimp Ferrule (metal ring) on cable/ multiconductor cable | C97: Terminal Press / per crimp | D97: 0.22 | E97: 103 | H97: 30.7 | I97: LP | K97: =+J97*H97 -> 0 | M97: Automatic
A98: STAMP & CRIMP TERMINAL | B98: stamp & crimp terminal (crimping time including removing of insulation) | C98: stamp& crimp terminal | H98: 24.49 | I98: LP | K98: =+J98*H98 -> 0 | M98: Manual
B99: per wire | H99: 2.68 | I99: LP | K99: =+J99*H99 -> 0 | M99: Manual
A100: TERMINATE MJE (MANCHON DE JONCTION ETANCHE ) | B100: crimping + shrinking on the crimp | C100: time considered for application (1 application = 2 wires) | D100: 0 | E100: 103 | H100: 20 | I100: LP | K100: =+J100*H100 -> 0 | M100: Manual
A101: BEND TERMINAL | B101: terminal bending | C101: Bent Term Press | D101: 0.3 | E101: 6 | H101: 3.86 | I101: LP | K101: =+J101*H101 -> 0 | M101: Automatic
D102: 6 | E102: 103 | H102: 4.44 | I102: LP | K102: =+J102*H102 -> 0 | M102: Automatic
A103: BEND BATTERY CABLE | B103: Cable should be bent to fit on the fuse block | D103: 7 | E103: 103 | H103: 11.74 | I103: LP | K103: =+J103*H103 -> 0 | M103: Manual
A104: CUT TERMINAL | B104: Terminal Cutting | C104: Terminal Cutter | H104: 0.91 | I104: LP | K104: =+J104*H104 -> 0 | M104: Manual
A105: Strip, apply Seal & Crimp in multiconductor | B105: Strip, apply seal and Crimping are all performed in same machine (stripper-sealer-crimper) | C105: Stripper-sealer-crimper / per crimp | D105: 0.22 | E105: 6 | H105: 4.49 | I105: LP | K105: =+J105*H105 -> 0 | M105: Manual
A106: Strip, apply Seal & Crimp single wires (including FLEX RAY, ETHERNET) | B106: Strip, apply seal and Crimping are all performed in same machine (stripper-sealer-crimper). It applies also for wires from Oxigen sensor | C106: seal and term press BT752/ Artos SSC501 | D106: 0.22 | E106: 6 | H106: 3.6 | I106: LP | K106: =+J106*H106 -> 0 | M106: Manual
K107: =+J107*H107 -> 0
K108: =+J108*H108 -> 0
...

Sheet LEAD PREP FA
A1: LEAD PREP PROCESS
A2: SEAL APPLICATIONS (Including Grommet Pass through) | B2: COMMENTS | C2: Machine | D2: Multicond? | E2: Min Gage | F2: Max Gage | H2: Global Sec/ Pc | I2: Location LP/FA | J2: QTY | K2: TOTAL
A3: APPLY SEAL | B3: apply seal in a normal cable | C3: Seal Station / per application | E3: 0.13 | F3: 8 | H3: 5.26 | I3: FA | K3: =+J3*H3 -> 0 | L3: LP | M3: Automatic
B4: apply seals in multiconductor cable (to be applied also to apply seal to subassiemblies) | D4: Y | E4: 0.13 | F4: 8 | H4: 6 | I4: FA | K4: =+J4*H4 -> 0 | L4: FA | M4: Automatic
A5: APPLY / PLUG SEAL / CAVITY PLUG TO CONNECTOR | B5: Insert cavity plugs in connectors | C5: Seal Station / per application (masks or small devices to support can be used) | H5: 4 | I5: FA | J5: 12 | K5: =+J5*H5 -> 48
A6: PERFORATE CONNECTOR AND CONNECTOR COMPONENTS | B6: punch holes in connector / seal / perforate plugs of connector cover | C6: Newmatic punch press | H6: 9 | I6: FA | K6: =+J6*H6 -> 0 | M6: Semi-automatic
A7: PERFORATE BOOT | B7: Perforate connector boot | C7: Newmatic punch press | H7: 12.67 | I7: FA | K7: =+J7*H7 -> 0 | M7: Automatic
A8: APPLY BACKSHELL TO CONN | B8: apply backshell to connector | C8: manual tool | H8: 10.4 | I8: FA | K8: =+J8*H8 -> 0 | M8: Semi-automatic
A9: SEAL OVER CONN | B9: apply seal over connector | C9: Seal Inserter for Conn seal | H9: 9.75 | I9: FA | K9: =+J9*H9 -> 0 | M9: Automatic
A10: APPLY MIXED FLUIDS | B10: mix up fluids into grommet | C10: Two Fluids machine | H10: 17.4 | I10: FA | K10: =+J10*H10 -> 0 | M10: Automatic
A11: INSRT LEADS IN GROM | B11: grommets boots & sleeves over branch | C11: Grommet Spreader (4 bill) | H11: 28.08 | I11: FA | K11: =+J11*H11 -> 0 | M11: Manual
A12: JOIN CABLE TIE WITH BODY CLIP | B12: per component application | C12: manual station to join two seperate DPN / APN | H12: 3 | I12: FA | K12: =+J12*H12 -> 0
K13: =+J13*H13 -> 0
K14: =+J14*H14 -> 0
A16: SEALING (including LMX, RAYBLOCK, coldmelt) | B16: COMMENTS | C16: Machine Vendor | D16: Min Gage | E16: Max Gage | F16: Min Length | G16: Max Length | H16: Global Sec/ Pc | I16: Location LP/FA | J16: QTY | K16: Total
A17: Heat Shrink on term. including automatic cooling (performed by the shrinking machine) | B17: heat shrink over terminal Cooling of the tubes shrinked over ring terminal and over the cable (average time, taking into consideration set of subs is cooled at the same time) | C17: IR 1891Shuttle - Air, Slide Toaster, etc. | D17: 0 mm² | E17: 30mm² | H17: 13.5 | I17: FA | K17: =+J17*H17 -> 0 | M17: Manual
D18: 31 mm² | E18: 120mm² | H18: 24 | I18: FA | K18: =+J18*H18 -> 0 | M18: Automatic
A19: HEAT SHRINK | B19: heat shrink over cable / multiconductor cable including drain wire (often on drain wire of multiconductor where diameter of tubes are smaller or equal to 6 mm) | C19: Heat Shrink station | F19: 0 | G19: 80 | H19: 15.6 | I19: FA | K19: =+J19*H19 -> 0 | M19: Automatic
F20: 81 | G20: 160 | H20: 18.61 | I20: FA | K20: =+J20*H20 -> 0 | M20: Automatic
A21: HEAT SHRINK OVER CONNECTOR to be used also for Heat shrink sleeve/tube over hose | B21: per connector / hose | C21: Raychem IR 03/15 & R.Semiautom./ FLS MK2 'Speed 40-90 / Temp. 100ºC | H21: 49.13 | I21: FA | K21: =+J21*H21 -> 0 | M21: Manual
B22: per hot melt (additional glue / sealing) application - to be used also for splices and multiconductors (plastic ferrules application) | F22: 1 | G22: 99999 | H22: 3.73 | I22: FA | K22: =+J22*H22 -> 0 | M22: Automatic
A23: Sealing of strands from ring terminal | B23: Cover crimped strands from a ring terminal with sealing to protect them against environment (when customer request) | C23: Heat Gun | H23: 65 | I23: FA | K23: =+J23*H23 -> 0 | M23: Manual
K24: =+J24*H24 -> 0
A25: HEAT SHRINK | B25: antena heat shrinking on metal terminal | F25: 2 | G25: 99999 | H25: 20.74 | I25: FA | K25: =+J25*H25 -> 0 | M25: Manual
A26: HEAT SHRINK CD SLEEVE | B26: shrinking sleeve with cadmium solder | C26: Heat shrink Cd sleeve Station | H26: 46.6 | I26: FA | K26: =+J26*H26 -> 0 | M26: Manual
A27: HEAT SHRINK GROMMET | B27: shrink grommet over a harness branch | C27: Heat shrink grommet Station | H27: 69.82 | I27: FA | K27: =+J27*H27 -> 0 | M27: Automatic
A28: HEAT SHRINK TUBE END | B28: Apply heat to seal the Watter tube end | C28: Heat shrink tube end Station | H28: 4.07 | I28: FA | K28: =+J28*H28 -> 0 | M28: Manual
A29: COLD MELT / BUTYL | B29: Get and apply Coldmelt / Butyl Strips - press each piece with a plier/press - PER PIECE | C29: Use press for more than 5 strips If press is not used, pliers must be use always | D29: up to 4 pcs | H29: 33.02 | I29: FA | K29: =+J29*H29 -> 0 | M29: Manual
D30: 5 to 9 pcs | H30: 49.53 | I30: FA | K30: =+J30*H30 -> 0 | M30: Manual
D31: 10 or more pcs | H31: 66.04 | I31: FA | K31: =+J31*H31 -> 0 | M31: Manual
B32: Form the Coldmelt and position sleeve | C32: Manual work | H32: 28.67 | I32: FA | K32: =+J32*H32 -> 0 | M32: Manual
B33: Shrinking of the tube over sealing branch Load/Cycle/Unload | C33: DSG Canusa Sealman 70 | D33: 3 to 4 pcs | H33: 72 | I33: FA | K33: =+J33*H33 -> 0 | M33: Manual
D34: 5 to 9 pcs | H34: 187 | I34: FA | K34: =+J34*H34 -> 0 | M34: Manual
D35: 10 or more pcs | H35: 225 | I35: FA | K35: =+J35*H35 -> 0 | M35: Manual
A36: TEROSTAT PREPARATION | B36: terostat preparation (including weight) | D36: Portion weighted and ready to use | H36: 9.04 | I36: FA | K36: =+J36*H36 -> 0
B37: Slice terostat when provided in block (if applies) AP REGION ONLY | C37: Gilotinue | H37: 6.916 | I37: FA | K37: =+J37*H37 -> 0
B38: Remove protection and make portion of terostat flat (if applies) AP REGION ONLY | C38: Manual work | H38: 11.78 | I38: FA | K38: =+J38*H38 -> 0
A39: BATTERIES | B39: COMMENTS | C39: Machine | D39: Special Component | H39: Global Sec/ Pc | I39: Location LP/FA | J39: QTY | K39: Total
A40: BATTERY COVER | B40: battery cover | C40: batt cover & Bolt Station | H40: 6 | I40: FA | K40: =+J40*H40 -> 0 | M40: Automatic
A41: BATTERY COVER & BOLT | B41: battery cover & bolt | C41: batt cover & bolt Station | H41: 10 | I41: FA | K41: =+J41*H41 -> 0 | M41: Automatic
A42: APPLY BOOT | B42: apply boot over terminal | C42: Grommet Spreader (2 bill) | H42: 6.9 | I42: FA | K42: =+J42*H42 -> 0 | M42: Automatic
A43: BOLT INTO BATTERY TERM | B43: bolt into battery term | C43: batt cover & Bolt Station | D43: 12066325 | H43: 14.8 | I43: FA | K43: =+J43*H43 -> 0 | M43: Automatic
B44: bolt into battery term | C44: batt cover & Bolt Station | D44: 12092218 | H44: 14.8 | I44: FA | K44: =+J44*H44 -> 0 | M44: Automatic
B45: bolt into battery term | C45: batt cover & Bolt Station | H45: 5.8 | I45: FA | K45: =+J45*H45 -> 0 | M45: Automatic
K46: =+J46*H46 -> 0 | M46: Automatic
K47: =+J47*H47 -> 0
A49: CUT BRAIDED SLEEVE (HOT GUILLOTINE) | B49: COMMENTS | C49: Machine Vendor | F49: Min Length | G49: Max Length | H49: Global Sec/ Pc | I49: Location LP/FA | J49: QTY | K49: Total
A50: CUT BRAIDED SLEEVE | B50: Cut sleeve with hot guillotine | C50: Guillotine | F50: 0 | G50: 100 | H50: 2.973 | I50: FA | K50: =+J50*H50 -> 0 | M50: Automatic
F51: 101 | G51: 200 | H51: 3.05 | I51: FA | K51: =+J51*H51 -> 0 | M51: Automatic
F52: 201 | G52: 300 | H52: 3.1 | I52: FA | K52: =+J52*H52 -> 0 | M52: Automatic
F53: 301 | G53: 400 | H53: 3.31 | I53: FA | K53: =+J53*H53 -> 0 | M53: Automatic
F54: 401 | G54: 500 | H54: 3.569 | I54: FA | K54: =+J54*H54 -> 0 | M54: Automatic
F55: 501 | G55: 600 | H55: 3.828 | I55: FA | K55: =+J55*H55 -> 0 | M55: Automatic
F56: 601 | G56: 700 | H56: 4.087 | I56: FA | K56: =+J56*H56 -> 0 | M56: Automatic
F57: 701 | G57: 800 | H57: 4.346 | I57: FA | K57: =+J57*H57 -> 0 | M57: Automatic
F58: 801 | G58: 900 | H58: 4.605 | I58: FA | K58: =+J58*H58 -> 0 | M58: Automatic
F59: 901 | G59: 1000 | H59: 4.864 | I59: FA | K59: =+J59*H59 -> 0 | M59: Automatic
F60: 1001 | G60: 1200 | H60: 5.382 | I60: FA | K60: =+J60*H60 -> 0 | M60: Automatic
F61: 1201 | G61: 1400 | H61: 5.9 | I61: FA | K61: =+J61*H61 -> 0 | M61: Automatic
A67: COMPONENTS | B67: COMMENTS | C67: Machine Vendor | H67: Global Sec/ Pc | I67: Location LP/FA | J67: QTY | K67: Total
A68: REOPEN TWISTED WIRES / Untwist wires | B68: reopen twisted wires NOTE: to be used for twists cut from reel /multiconductors / purchased parts when additional processes to be applied on LP; to be used also to reopen / untwist for splicing operation for wires coming from BT 188 and when twisted wires with different length | C68: Reopen Twisted Wires Station | H68: 2.7 | I68: FA | K68: =+J68*H68 -> 0 | M68: Manual
A69: Untwist FLEX RAY, CAN & CAN FD twisted wires (for both jacketed and unjacketed twists) Untwist ETHERNET wires | B69: first step is to untwist Flex Ray, CAN, CAN FD twisted wires, then second to strigth the single wires from previously untwisted to prepare them for crimping operation the time is for pair of twisted wires Untwist Ethernet wires | C69: TEKNOMATIK (EU) / Untwister Exmore (NA) | D69: Starting point: introduction of wire in the machine, finishing point: wire is taken out of the machine . | H69: 8 | I69: FA | K69: =+J69*H69 -> 0
A70: Untwist ETHERNET wires (NA) | B70: Untwist Ethernet wires | C70: Untwister Exmore (NA) | H70: 7 | I70: FA
A71: ELECTRONIC SOLDERING | B71: solder wires in electronic circuit | C71: Electronic Solder | H71: 10.51 | I71: FA | K71: =+J71*H71 -> 0 | M71: Manual
K72: =+J72*H72 -> 0
A74: TERMINATE | B74: COMMENTS | C74: Machine Vendor | D74: Min Gage | E74: Max Gage | H74: Global Sec/ Pc | I74: Location LP/FA | J74: QTY | K74: Total
A75: TERMINATE | B75: single crimping | C75: Terminal Press / per crimp (Including diodes and resistors) | D75: 0.22 | E75: 1.5 | H75: 2.62 | I75: FA | K75: =+J75*H75 -> 0 | M75: Automatic
C76: Terminal Press / per crimp Use also for: crimp fuse term (bus bar) per wire | D76: 2 | E76: 7 | H76: 2.87 | I76: FA | K76: =+J76*H76 -> 0 | M76: Semi-automatic
C77: crimp (bus bar) per each empty terminal | D77: bus bar term press | H77: 1.08 | I77: FA | K77: =+J77*H77 -> 0 | M77: Manual
B78: single crimping in multiconductors (Also to be applied for drain wires and subassemblies crimping) | C78: Terminal Press / per crimp | D78: 0 | E78: 6 | H78: 6.3 | I78: FA | K78: =+J78*H78 -> 0 | M78: Semi-automatic
B79: terminal orientation for heavy gauge | C79: support station / tool | D79: 8 | E79: 103 | H79: 6 | I79: FA | K79: =+J79*H79 -> 0
B80: single crimping for battery wires | C80: Heavy Gage Press / per crimp | D80: 8 | E80: 103 | H80: 6.09 | I80: FA | K80: =+J80*H80 -> 0 | M80: Manual
B81: single crimping with seal | C81: Crimp is done in a Terminal Press. NOTE: seal was previously applied by hand in a separate station | D81: 0 | E81: 10 | H81: 6.67 | I81: FA | K81: =+J81*H81 -> 0 | M81: Manual
B82: double crimping | C82: Terminal Press / per crimp | D82: 0.13 | E82: 0.35 | H82: 5.39 | I82: FA | K82: =+J82*H82 -> 0 | M82: Manual
D83: 0.5 | E83: 0.85 | H83: 5.29 | I83: FA | K83: =+J83*H83 -> 0 | M83: Automatic
D84: 1 | E84: 2 | H84: 5.22 | I84: FA | K84: =+J84*H84 -> 0 | M84: Automatic
D85: 2.5 | E85: 7 | H85: 5.77 | I85: FA | K85: =+J85*H85 -> 0 | M85: Automatic
B86: double crimping for 0.13/0.13 and other combinations with 0.13 | C86: Terminal Press / per crimp | D86: 0.13 | E86: 0.35 | H86: 14 | I86: FA | K86: =+J86*H86 -> 0 | M86: Automatic
B87: double crimping for multiconductors | C87: Terminal Press / per crimp | D87: 0 | E87: 5 | H87: 8.2 | I87: FA | K87: =+J87*H87 -> 0 | M87: Automatic
B88: double crimping for battery wires | C88: Heavy Gage Press / per crimp | D88: 8 | E88: 103 | H88: 13.85 | I88: FA | K88: =+J88*H88 -> 0 | M88: Automatic
B89: mutiple crimping (>2 wires) | C89: Terminal Press / per crimp | D89: 0.13 | E89: 7 | H89: 10.5 | I89: FA | K89: =+J89*H89 -> 0 | M89: Automatic
B90: mutiple crimping (>2 wires) battery | C90: Heavy Gage Press / per crimp | D90: 8 | E90: 103 | H90: 19.6 | I90: FA | K90: =+J90*H90 -> 0 | M90: Automatic
B91: single crimping for barrel terminals | C91: Barrel Press / per crimp | D91: 0.22 | E91: 8 | H91: 9.89 | I91: FA | K91: =+J91*H91 -> 0 | M91: Manual
B92: Crimping loose piece term (1 wire) (BUS CIRC terminal / battery / other) NOTE: to be used also for wings closing operation for soldered ground terminal | C92: Heavy Gage Press-Loose piece | D92: 0.3 | E92: 103 | H92: 7.6 | I92: FA | K92: =+J92*H92 -> 0 | M92: Automatic
B93: crimping loose piece (2 wires) | D93: 8 | E93: 103 | H93: 9.6 | I93: FA | K93: =+J93*H93 -> 0 | M93: Automatic
B94: crimping loose piece (3 wires) | D94: 8 | E94: 103 | H94: 14.51 | I94: FA | K94: =+J94*H94 -> 0 | M94: Automatic
B95: crimping loose piece (>3 wires) | D95: 8 | E95: 103 | H95: 16.4 | I95: FA | K95: =+J95*H95 -> 0 | M95: Automatic
B96: Crimping additional control for tubular / special applications USE ALSO FOR SPLICE SAVER GEN 1,5 CONTROL NOTE: only when requested by the Customer | C96: Magnifier glass | D96: 0 | E96: 103 | H96: 0.8 | I96: FA | K96: =+J96*H96 -> 0 | M96: Manual
B97: Crimp Ferrule (metal ring) on cable/ multiconductor cable | C97: Terminal Press / per crimp | D97: 0.22 | E97: 103 | H97: 30.7 | I97: FA | K97: =+J97*H97 -> 0 | M97: Automatic
A98: STAMP & CRIMP TERMINAL | B98: stamp & crimp terminal (crimping time including removing of insulation) | C98: stamp& crimp terminal | H98: 24.49 | I98: FA | K98: =+J98*H98 -> 0 | M98: Manual
B99: per wire | H99: 2.68 | I99: FA | K99: =+J99*H99 -> 0 | M99: Manual
A100: TERMINATE MJE (MANCHON DE JONCTION ETANCHE ) | B100: crimping + shrinking on the crimp | C100: time considered for application (1 application = 2 wires) | D100: 0 | E100: 103 | H100: 20 | I100: FA | K100: =+J100*H100 -> 0 | M100: Manual
A101: BEND TERMINAL | B101: terminal bending | C101: Bent Term Press | D101: 0.3 | E101: 6 | H101: 3.86 | I101: FA | K101: =+J101*H101 -> 0 | M101: Automatic
D102: 6 | E102: 103 | H102: 4.44 | I102: FA | K102: =+J102*H102 -> 0 | M102: Automatic
A103: BEND BATTERY CABLE | B103: Cable should be bent to fit on the fuse block | D103: 7 | E103: 103 | H103: 11.74 | I103: FA | K103: =+J103*H103 -> 0 | M103: Manual
A104: CUT TERMINAL | B104: Terminal Cutting | C104: Terminal Cutter | H104: 0.91 | I104: FA | K104: =+J104*H104 -> 0 | M104: Manual
A105: Strip, apply Seal & Crimp in multiconductor | B105: Strip, apply seal and Crimping are all performed in same machine (stripper-sealer-crimper) | C105: Stripper-sealer-crimper / per crimp | D105: 0.22 | E105: 6 | H105: 4.49 | I105: FA | K105: =+J105*H105 -> 0 | M105: Manual
A106: Strip, apply Seal & Crimp single wires (including FLEX RAY, ETHERNET) | B106: Strip, apply seal and Crimping are all performed in same machine (stripper-sealer-crimper). It applies also for wires from Oxigen sensor | C106: seal and term press BT752/ Artos SSC501 | D106: 0.22 | E106: 6 | H106: 3.6 | I106: FA | K106: =+J106*H106 -> 0 | M106: Manual
K107: =+J107*H107 -> 0
K108: =+J108*H108 -> 0
...

Sheet High Voltage
A1: HIGH VOLTAGE HARNESS - COAXIAL & MULITICORE CABLES
A2: NOTE FOR EU FLOW 3: Standard times by connector Supplier are available under the link: | E2: http://p04.na.delphiauto.net/04/102/cme/IndEng/GCSD/Shared%20Documents/Forms/AllItems.aspx?RootFolder=%2F04%2F102%2Fcme%2FIndEng%2FGCSD%2FShared%20Documents%2FGCSD%20Catalogue%2FHV%20catalogue%20by%20connector&InitialTabId=Ribbon%2EDocument&VisibilityContext=WSSTabPersistence
A3: CUTTING
A4: BUILD CATEGORY | B4: ACTIVITY DESCRIPTION | C4: Standard Description | D4: Clock start | E4: Clock stop | H4: GLOBAL SEC/PC | I4: UNIT | J4: Qty | K4: Total Time
A5: for cables cutting use standards for heavy gage (cutting sheet, Schleuniger MS 9600 standards)
A6: for tubes cutting use standards from cutting sheet (PVC Tube/ Sleeve Cutting or convoluted tube cutting - depending on tube type)
A8: LEAD PREP
A10: OPERATION | B10: ACTIVITY DESCRIPTION | C10: Machine Vendor | D10: Clock start | E10: Clock stop | F10: Min Length | G10: Max Length | H10: GLOBAL SEC/PC | I10: UNIT | J10: Qty | K10: Total Time
A11: Apply loose piece materials over wire | B11: Pick up and apply loose materials (covers / housings / spacers / metal rings /shrinking tubes /metalic shields / protections / ferrule) over cable or inner housing and fix with tie / stopper | C11: manual work | D11: pick up the piece | E11: put cable away | H11: 4.53 | I11: pc | K11: =+J11*H11 -> 0 | L11: Manual
A12: Apply sealing elements over wire | B12: seal + collet / grommet over cable | C12: hand tool | D12: pick up the piece | E12: put cable away | H12: 10 | I12: pc | K12: =+J12*H12 -> 0 | L12: Manual
B13: apply and close segger | C13: hand tool | D13: pick up the piece | E13: put cable away | H13: 17.4 | I13: pc | K13: =+J13*H13 -> 0 | L13: Manual
B14: gripper / 2 piece cover to the seal | C14: manual work | D14: pick up the piece | E14: put cable away | H14: 17.4 | I14: pc | K14: =+J14*H14 -> 0 | L14: Manual
A15: Apply block seal | B15: Pass throug wires into block seal | C15: manual | D15: pick up the cable | E15: put cable away | F15: 0.5 mm² | G15: 0.5 mm² | H15: 23 | I15: pc | K15: =+J15*H15 -> 0 | L15: Manual
F16: 2.5 mm² | G16: 2.5 mm² | H16: 7 | I16: pc | K16: =+J16*H16 -> 0 | L16: Manual
A17: Take out outer jacket manually | B17: Take out outer jacket of stripped cable. | C17: manual work | D17: pick up cable | E17: put cable away | F17: 150 | G17: 200 | H17: 26 | I17: pc | K17: =+J17*H17 -> 0 | L17: Manual
A18: Outer jacket stripping for coaxial cable | B18: Outer jacket stripping | C18: Schleuniger CS5500 | D18: place the cable in the machine head | E18: put cable away | F18: 0 | G18: 80 | H18: 15.3 | I18: pc | K18: =+J18*H18 -> 0 | L18: Manual
A19: Outer jacket stripping for multicore cable | B19: Cut & stripping outer jacket - aluminium foil - filler - braided shield in one step | C19: Schleuniger CS5500 | D19: place the cable in the machine head | E19: put cable away | F19: 0 | G19: 80 | H19: 19.7 | I19: pc | K19: =+J19*H19 -> 0 | L19: Manual
A20: Defoil and cut aluminium foil / cotton strip (for all shilded) | B20: Cut foil with hand tool open the foil and remove | C20: hand tool / scissors | D20: remove the outer insulation | E20: foil removed | H20: 7 | I20: pc | K20: =+J20*H20 -> 0 | L20: Manual
A21: Cut the braided shield | B21: Cut the braided shield | C21: Rittmeyer. Beri Co.Cut Shield cuting device | D21: place the cable in the tool | E21: put cable away | F21: 0 | G21: 150 | H21: 11.2 | I21: pc | K21: =+J21*H21 -> 0 | L21: Manual
F22: 151 | G22: 300 | H22: 21 | I22: pc | K22: =+J22*H22 -> 0 | L22: Manual
F23: 301 | G23: 500 | H23: 34 | I23: pc | K23: =+J23*H23 -> 0 | L23: Manual
A24: Shield and jacket processing on Coroplast 25 mm² cable | B24: Cable placement in machine’s grippers, shield opening, shield cutting, shield folding, inner jacket stripping, cable release. | C24: Komax Lambda 240 SP | D24: pick up the cable | E24: put cable away | F24: 8 | G24: 100 | H24: 22.4 | I24: pc | K24: =+J24*H24 -> 0
A25: Fold back and fix braided shield with tape | B25: time include to pick up wire, fold back braided shield using the tool, assembly wire to holder, get tape and make spot on shield according to layout, cut tape and remove the wire NOTE: Mspec M4827009 5mm width | C25: positioning tool | D25: pick up the cable | E25: put cable away | H25: 48 | I25: pc | K25: =+J25*H25 -> 0
A26: Inner jacket stripping for coaxial cable | B26: Inner jacket stripping | C26: Schleuniger CS5500 | D26: place the cable in the machine head | E26: put cable away | F26: 0 | G26: 80 | H26: 12.4 | I26: pc | K26: =+J26*H26 -> 0 | L26: Manual
A27: Inner jacket stripping for coaxial cable | B27: Inner jacket full stripping | C27: Schleuniger CS6580 | D27: place the cable in the machine head | E27: put cable away | F27: 0 | G27: 10 | H27: 8.2 | K27: =+J27*H27 -> 0
B28: Inner jacket partial stripping | D28: place the cable in the machine head | E28: put cable away | F28: 0 | G28: 20 | H28: 7.7 | K28: =+J28*H28 -> 0
A29: Stripping the filler of multicore cable | B29: Stripping the filler of multicore cable | C29: manual work | D29: pick up the cable | E29: put cable away | F29: 80 | G29: 200 | H29: 25 | I29: pc | K29: =+J29*H29 -> 0 | L29: Manual
A30: Inner wire stripping for multicore cable | B30: Inner wire stripping for multicore cable | C30: Unistrip 2600 | D30: pick up the cable | E30: Cable released | F30: 0.5 mm² | G30: 6 mm² | H30: 8.9 | I30: pc | K30: =+J30*H30 -> 0 | L30: Manual
A31: Comb out braided shield | B31: Comb out braided shield | C31: Boewe 1005 | D31: place the cable in the tool | E31: put cable away | F31: 0 | G31: 30 | H31: 38.2 | I31: pc | K31: =+J31*H31 -> 0 | L31: Manual
A32: Clean dust after combing | B32: Cleaning cable (to remove the dust and dirt) | C32: manual work | D32: pick up the cable | E32: put cable away | H32: 8 | I32: pc | K32: =+J32*H32 -> 0 | L32: Manual
A33: Twisting shield | B33: Twisting shield | C33: Boewe 1003 | D33: place the cable in the tool | E33: put cable away | F33: 0 | G33: 30 | H33: 13 | I33: pc | K33: =+J33*H33 -> 0 | L33: Manual
A34: Cut the twisted shield | B34: Cut the twisted shield | C34: manual | D34: pick up the cable | E34: put cable away | H34: 28 | I34: pc | K34: =+J34*H34 -> 0 | L34: Manual
A35: Comb out braided shield of inner twisted wire (multicore) | B35: Comb out braided shield of inner twisted wire | C35: manual work | D35: pick up the cable | E35: Cable released | H35: 28 | I35: pc | K35: =+J35*H35 -> 0 | L35: Manual
A36: Open the shield | B36: Coaxial wires: Open the shield with hand tool , pick up the inner ferrul and place under the braided shield. Multicore wires: pick up inner ferrule and place over wire , open the shield and fold back over inner ferrule by hand | C36: hand tool | D36: pick up the cable | E36: shield opened | H36: 10 | I36: pc | K36: =+J36*H36 -> 0 | L36: Manual
A37: Apply outer ferrul over inner ferrule | B37: Pick up the outer ferrul, apply to the cable and move outer ferrule over the inner ferrul / terminal group | C37: hand tool | D37: pick up the ferrul | E37: ready for crimping | H37: 10 | I37: pc | K37: =+J37*H37 -> 0 | L37: Manual
A38: Apply loose piece terminal to wire | B38: Pick up and apply loose piece terminal (ring) to wire to cover all strands | C38: manual work | D38: pick up the loose piece | E38: put cable away | H38: 7.14 | I38: pc | K38: =+J38*H38 -> 0 | L38: Manual
A39: Apply loose piece terminal to wire in alubox | B39: Pick up and apply loose piece terminal (ring) to wire in alubox to cover all strands | C39: manual work | D39: pick up the loose piece | E39: put cable away | H39: 19.11 | I39: pc | K39: =+J39*H39 -> 0 | L39: Manual
A40: Place the alubox in support | B40: Pick up teh support and place the alubox | C40: manual work | D40: pick up the support | E40: alubox in the support | H40: 16 | I40: pc | K40: =+J40*H40 -> 0 | L40: Manual
A41: Place the support in the press | B41: Pick up and place the support in the press (for alubox, connector, housing to guarantee the accesories orientation) | C41: test holder | D41: pick up the alubox | E41: ready for crimping | H41: 7.04 | I41: pc | K41: =+J41*H41 -> 0 | L41: Manual
A42: Routing for terminal orientation | B42: Routing of cable in order to obtain correct orientation for crimping | C42: manual work | D42: pick up the cable | E42: ready for crimping | H42: 8.9 | I42: pc | K42: =+J42*H42 -> 0 | L42: Manual
A43: Inner wire crimping for multicore cable | B43: Inner wire crimping for multicore cable | C43: Mecal P7 / Mecal P107 99 | D43: pick up the cable | E43: Cable released | F43: 0.5 mm² | G43: 6 mm² | H43: 10.4 | I43: pc | K43: =+J43*H43 -> 0 | L43: Manual
A44: Inner multicore wire Stripping with Thermal Stripper | B44: Inner multicore wire Stripping with Thermal Stripper | C44: Thermal Stripper | D44: pick up the cable | E44: Cable released | H44: 32 | I44: pc | K44: =+J44*H44 -> 0 | L44: Manual
A45: Cut wire to requested length for crimping operation | B45: Cut the wires with hand tool | C45: hand tool | D45: pick up the cable | E45: put cable away | H45: 9 | I45: pc | K45: =+J45*H45 -> 0 | L45: Manual
A46: Caulking | B46: Caulking for multicore wires per inner wire (to be applied to each inner wire seperately) | C46: Caulking & soldering | D46: place the cable in the tool | E46: put cable away | H46: 41 | I46: pc | K46: =+J46*H46 -> 0 | L46: Manual
A47: Soldering | B47: Soldering multicore wire (one per multicore wire) | C47: Caulking & soldering | D47: place the cable in the tool | E47: put cable away | H47: 87 | I47: pc | K47: =+J47*H47 -> 0 | L47: Manual
A48: Loose piece core crimping for coaxiel / crimping in alubox on core | B48: Place the cable in the press head, crimping, release of the cable | C48: Hanke 971-D press | D48: Place the cable in the head | E48: Cable released | H48: 7 | I48: pc | K48: =+J48*H48 -> 0 | L48: Manual
A49: Shield/Ferrule crimping for coaxial and multicore | B49: Place the cable in the press head, crimping on the shield, release of the cable | C49: Tyco press - hydraulic Crimp Machine AT-66 / Schleuniger CT65 (NA Region) | D49: Place the cable in the head | E49: Cable released | H49: 15 | I49: pc | K49: =+J49*H49 -> 0 | L49: Manual
B50: Only for kostal coax connector; Place the cable in the press head, crimping on the shield, release of the cable for | C50: Pressing Device | D50: Place the cable in the head | E50: Cable released | H50: 15 | I50: pc | K50: =+J50*H50 -> 0 | L50: Manual
B51: Only for hirschman connector; Place the cable in the press head, crimping on the shield, release of the cable | C51: VKM Press | D51: Place the cable in the head | E51: Cable released | H51: 15 | I51: pc | K51: =+J51*H51 -> 0 | L51: Manual
A52: Terminal welding | B52: Pick up the loose piece ring terminal, place it in the module, close the die; Pick up and place the wire in proper position, perform welding and cooling, release the cable | C52: Schunk | D52: Place the cable in the head | E52: Cable released | H52: 44.44 | I52: pc | K52: =+J52*H52 -> 0 | L52: Manual
A53: Brazing | B53: Manual work to load terminals and wires correctly to the machine (get and loading harness; get and loading terminal) | C53: Manual work | D53: Pick up the harness | E53: Remove the harness from the machine | H53: 47 | I53: pc | K53: =+J53*H53 -> 0
B54: Activate the machine cycle, machine cycle to perform brazing and keep hands on the buttons (for terminals of 8mm up to 14mm) | C54: Technax | D54: Operator puts hands on machine buttons (operator keeps hands on machine buttons during entire machine cycle time) | E54: Terminal released out of the electrode | H54: 13 | I54: pc | K54: =+J54*H54 -> 0
A55: Shrinking | B55: For ring terminal ; Load 8 cables to table, place the table into the oven, heating time, take out table, take out cables from oven. Time per cable. (including cooling) | C55: DSG Canusa – Shuttle Shrumpf Deray RKS 240- 60 | D55: Load cables | E55: Take out cables | H55: 18.75 | I55: pc | K55: =+J55*H55 -> 0 | L55: Manual
B56: For Connector or busbar terminals; Load 4 cables to table, place the table into the oven, heating time, take out table, take out cables from oven. Time per cable. (including cooling) | C56: DSG Canusa – Shuttle Shrumpf Deray RKS 240- 60 | D56: Load cables | E56: Take out cables | H56: 37.5 | I56: pc | K56: =+J56*H56 -> 0 | L56: Manual
B57: For ONE piece shrink: place the table into the oven, heating time, take out table, take out cables from oven. Time per cable. (including cooling) Shrink Tube: (M3552005 120mm） AP Region only | C57: DSG Canusa - Workman TP (Desktop HS machine) | D57: Load cables | E57: Take out cables | H57: 102 | I57: pc | K57: =+J57*H57 -> 0 | L57: Manual
B58: For ONE piece shrink: place the table into the oven, heating time, take out table, take out cables from oven. Time per cable. (including cooling) Shrink Tube: (33285302 67mm） AP Region only | C58: DSG Canusa - Workman TP (Desktop HS machine) | D58: Load cables | E58: Take out cables | H58: 127 | I58: pc | K58: =+J58*H58 -> 0 | L58: Manual
B59: Shrinking over the crushshield with positioning required (including cooling) | C59: CV_OBHAT-1600W SYSTEM S/N: 12D053 | D59: Adjust tube position | E59: Release after cooling is completed | H59: 45 | I59: pc | K59: =+J59*H59 -> 0 | L59: Manual
A60: Aluminum tube bending with Robot | B60: Load the tube to a transfer station by operator; Robot take it and place it on support; release after bending | C60: manual work | D60: pick up the piece | E60: put tube away | H60: 32 | I60: pc | K60: =+J60*H60 -> 0 | L60: Manual
B61: Bending to the tube performed by the robot (time per each bend) | C61: Miic America T-WIN20 Bending Robot | D61: start the bending | E61: bending is completed | H61: 4.3 | I61: pc | K61: =+J61*H61 -> 0 | L61: Manual
A62: NA REGION STANDARDS
A63: Open and bend ends of a braided strap cable | B63: Pick up braided strap cable, open it and bend its end inwards | C63: manual work | D63: pick up the piece | E63: put cable away | H63: 27.5 | I63: per each end of cable
A64: Assemble cover and a braided strap cable, joined with metallic tie | B64: Pick up and join parts (Cover, braided strap cable, metalic wire tie) | C64: manual work | D64: pick up the piece | E64: put assembly away | H64: 53 | I64: per each end
A65: Resistance test on cover and braided strap cable assembly | B65: Apply resistance test | C65: Resistance test device | D65: pick up the piece | E65: take tester device away | H65: 12 | I65: per each end
A66: Pass cables through braided strap cable | B66: Pick up battery cables and pass them through braided strap cable (aligned) with help of special tool | C66: manual work | D66: pick up the piece | E66: put assembly away | H66: 40 | I66: per process
A67: Apply seal gasket on connector | B67: Pick up and join loose materials (seal gasket, conn). Two conn, two ends were analized | C67: manual work | D67: pick up the piece | E67: put piece away | H67: 8.5 | I67: per each end (per each conn)
A68: Assemble USW terminals and connector cover to main connector (2 conn, 3 term by each end) | B68: Pick up assembly (battery cables inside the strap cable with cover attached) and join it to connector | C68: manual work | D68: pick up the piece | E68: put assembly away | H68: 51.5 | I68: per each end (per each conn)
A69: Leak test for connectors | B69: Apply leak test to connectors (2 at a time) | C69: Leak test station | D69: pick up the piece | E69: put assembly away | H69: 32 | I69: per process
A70: Apply and secure O-Rings into connector | B70: Pick up assembly of battery cables with connectors and place it on the station, pick up O-Rings and apply them on each connector | C70: manual work | D70: pick up the piece | E70: put assembly away | H70: =24.5/3 -> 8.1666667 | I70: per piece
A71: Hi Voltage Test | B71: Take harness and place it into Hi pot station, place each connector on propper holder and do the hi voltage test | C71: Hi-pot station | D71: pick up the piece | E71: put harness away | H71: 20 | I71: 20 sec per each conn on harness
A72: Take off inner insulation from coax cable | B72: Take off outer jacket of mulitconductor, coax cable, same as Lead Prep | C72: hand work | H72: 3 | I72: Cab End
A73: Sonic Splice with coax cables | B73: Pick up and place the wires in proper position, perform welding, release the cables. (4 cables on this analysis) | C73: Telsonic | D73: Place the cables in the head | E73: Cables released | H73: 63 | I73: pc
A74: Shrinking | B74: Shrinking over the splice with positioning required (including cooling) | C74: Mecalbi Station | D74: Adjust tube position with vision system | E74: Release after cooling is completed | H74: 73.27 | I74: pc
A75: Apply O'Rings over barrel terminal | B75: Pick up O-Rings and apply them around the barrel terminal | C75: manual work | D75: pick up the piece | E75: Leave assembly away | H75: 10.5 | I75: pc
A76: single crimping for barrel terminals | B76: Barrel Press / per crimp | C76: Pico Press | H76: 9.89
A77: single crimping for loose terminal on coax cable including orientation | B77: single crimping on coax cable for loose terminal going after a ferrule | C77: Schleuniger CT65 | H77: 37
A78: FINAL ASSEMBLY
A80: NOTE: | B80: use standard times from FA sheets for the following operations: routing on boards, plugging (Plug unsealed terminals to seal connectors (deep cavity > 30 mm), taping & covering operations, Apply secondary locks and covers to connectors (Loose piece secondary Locks/Covers/Combs / Inserts / hexagonal lock), testing (means first low voltage and then High Voltage)
A81: BUILD CATEGORY | B81: Description | C81: Standard Description | D81: Clock start | E81: Clock stop | H81: GLOBAL SEC/PC | I81: UNIT | J81: Qty | K81: Total Time
A82: Feed cables / cable positioning | B82: Feed cables throught cavities in alubox Positioning of cables in the tool | C82: per cavity in alubox | D82: pick up the cable | E82: cable in place | H82: 5.68 | I82: pc | K82: =+J82*H82 -> 0 | L82: Manual
A83: Press the seal with covers inside alubox cavity | B83: Close the covers to hold cables in position for pressing operation . Press the seal with covers inside alubox cavity | C83: per connector | D83: last cable on position | E83: connector released | H83: 15.24 | I83: pc | K83: =+J83*H83 -> 0 | L83: Manual
A84: Connector subassembly (ongoing)
A85: Insert seal into connector cavity | B85: Insert connector seal and collet together into connector cavity or over terminal | C85: hand tool | D85: move seal to the proper position | E85: seal properly seated in the cavity | H85: 8 | I85: pc | K85: =+J85*H85 -> 0 | L85: Manual
A86: Close end-cap (ongoing) | I86: pc
A88: Clean the cavity for silicon application | B88: Cleaning the cavity and cable with special liquid (to remove the grease and dirt before silicon application) | C88: manual work | D88: pick up the stick | E88: cavity cleaned | H88: 79.13 | I88: cavity | K88: =+J88*H88 -> 0 | L88: Manual
A89: Application of silicon to the cavity | B89: Apply the silicon to the cavity | C89: manual work | D89: pick up the silicon | E89: silicon applied | H89: 76 | I89: cavity | K89: =+J89*H89 -> 0 | L89: Manual
A90: Take out connector from bag | B90: Take out connector from protection bag. | C90: manual work | D90: pick up the connector | E90: take out connector | H90: 17 | I90: pc | K90: =+J90*H90 -> 0 | L90: Manual
A91: Spiral tube application with orientation | B91: Apply spiral tube & make the orientation | C91: manual work | D91: pick up the cable | E91: put cable away | H91: 0.15 | I91: mm | K91: =+J91*H91 -> 0 | L91: Manual
A92: Manual Taping | B92: Overlap taping with velour tape(velour tape made with an acrylic adhesive). | C92: manual work | D92: pick up the cable | E92: put cable away | H92: 0.26 | I92: mm | K92: =+J92*H92 -> 0 | L92: Manual
A93: Y-splice assembly (ongoing) | I93: pc
A94: Place the connector to ROB holder | B94: Route and place the connector to ROB holder with plastic cover | C94: manual work | D94: start routing | E94: connector secured in the holder | H94: 4 | I94: pc | K94: =+J94*H94 -> 0 | L94: Manual
A95: High Voltage test (EU) | B95: Detections phase - detection of all required elements in the connector | C95: per HV connector | D95: connector placed into holder | E95: end of detecions test | H95: 5 | I95: pc | K95: =+J95*H95 -> 0
B96: Resistance measurement (core and shield / screen) | C96: per wire | D96: detections test passed | E96: end of resistance measurement | H96: 0.5 | I96: pc | K96: =+J96*H96 -> 0
B97: Low voltage short circuits test | C97: Per each wire in the harness. On each wire LV should be applied, rest of the wires grounded. | D97: resistance measurement passed | E97: end of low voltage test | H97: 0.5 | I97: pc | K97: =+J97*H97 -> 0
B98: Dielectrical Breakdown (AC) - at least 2 groups per harness | C98: Per High Power Wire (number of wires where HV can be applied) On each high power wire apply High Potential, rest of the wires + shieldings on low potential. | D98: low volatge test passed | E98: end of AC test | H98: 8 | I98: pc | K98: =+J98*H98 -> 0
B99: Insulation Resistance (DC) - at least 2 groups per harness | C99: Per High Power Wire (number of wires where HV can be applied) On each high power wire apply High Potential, rest of the wires + shieldings on low potential. | D99: end of AC test | E99: information on the screen test was passed | H99: 8 | I99: pc | K99: =+J99*H99 -> 0
A100: High Voltage test (AP) | B100: Hi-pot and Insulation Resistance test harness | C100: sum Hi pot testing conn. group group=C(n,2) n=Qty. of shielding layer and terminal of connector | D100: Press "test start" switch | E100: Print the label | H100: 20 | I100: Group
B101: Leakage test harness(To be used also for oxygen sensor: Leak Test) | C101: Per group if the leakage testing connectors have connectivity each other, only consider 1 group. | D101: Press "test start" switch | E101: Print the label | H101: 33 | I101: Group
B102: Resistance measurement (core and shield / screen) >=0.5mΩ | C102: per wire (WEE Tester) | D102: detections test passed | E102: end of resistance measurement | H102: 0.5 | I102: pc | L102: moved from FA MISC and revised
B103: Resistance measurement (core and shield / screen) ＜0.5mΩ | C103: per wire (separate resistance tester) | D103: detections test passed | E103: end of resistance measurement | H103: 5 | I103: pc
B104: Capacitance Test ＜9nF | C104: Per Capacitance (separate capacitance tester) | D104: detections test passed | E104: end of Capacitance measurement | H104: 5 | I104: pc
...

Sheet FA Conns and wires
A2: FA - CONNECTORS AND WIRES
A3: BUILD CATEGORY | E3: ACTIVITY DESCRIPTION | I3: Standard Description | M3: Clock start | O3: Clock stop | Q3: GLOBAL SEC/PC | R3: UNIT | S3: Qty | T3: Total Time
A4: Build connectors to board | E4: Assemble connectors | I4: 1-6 way to V-pin | M4: Reach for connector | O4: Release connector after placing to V-pin | Q4: 1.7 | R4: pc | S4: 20 | T4: =+S4*Q4 -> 34 | U4: Semi-automatic
I5: >6, <40 way to connector holder NOTE: to be used also for connector with less than 6 ways when CRA or PFMEA recommendation / Customer request | M5: Reach for connector | O5: Release connector after placing to connector holder | Q5: 4 | R5: pc | S5: 9 | T5: =+S5*Q5 -> 36 | U5: Semi-automatic
I6: >= 40 way to connector holder / cable channel to the holder | M6: Reach for connector | O6: Release connector after placing to connector holder | Q6: 5.4 | R6: pc | S6: 5 | T6: =+S6*Q6 -> 27 | U6: Semi-automatic
A10: Manual coiling Cross section =< 4mm² | E10: 7501 - 8000 | I10: Get wire from the tray | N10: Coiled wire closed with re-usable material | O10: Coiling station to be used. Wires to be placed in horizontal trays. To close the coiled wire re-usable / recyclable material to be used. | Q10: 14.36 | R10: pc | T10: =+S10*Q10 -> 0 | U10: Automatic
E11: 8001 - 9000 | Q11: 15.31 | R11: pc | T11: =+S11*Q11 -> 0 | U11: Automatic
E12: 9001 - 10 000 | Q12: 17.2 | R12: pc | T12: =+S12*Q12 -> 0 | U12: Automatic
E13: 10 001 - 11 000 | Q13: 18.7 | R13: pc | T13: =+S13*Q13 -> 0 | U13: Automatic
E14: 11 001 - 12 000 | Q14: 20.4 | R14: pc | T14: =+S14*Q14 -> 0 | U14: Automatic
E15: 12 001 - 13 000 | Q15: 22.1 | R15: pc | T15: =+S15*Q15 -> 0 | U15: Automatic
E16: 13 001 - 14 000 | Q16: 23.8 | R16: pc | T16: =+S16*Q16 -> 0 | U16: Automatic
E17: 14 001 - 15 000 | Q17: 25.5 | R17: pc | T17: =+S17*Q17 -> 0 | U17: Automatic
E18: 15 001 - 16 000 | Q18: 27.2 | R18: pc | T18: =+S18*Q18 -> 0 | U18: Automatic
E19: 16 001 - 17 000 | Q19: 28.9 | R19: pc | T19: =+S19*Q19 -> 0 | U19: Automatic
E20: 17 001 - 18 000 | Q20: 30.6 | R20: pc | T20: =+S20*Q20 -> 0 | U20: Automatic
E21: 18 001 - 19 000 | Q21: 32.3 | R21: pc | T21: =+S21*Q21 -> 0 | U21: Automatic
T22: =+S22*Q22 -> 0
T23: =+S23*Q23 -> 0
T24: =+S24*Q24 -> 0
A26: Manual coiling Cross section > 4mm² < 11mm² To be used also for twisted wires, doubles, multiconductors, coaxial cables and antennas needs when total (sum of gages) cross section > than 3 mm² and length is more than 4 mt | E26: 4001 - 5000 | I26: Get wire from the tray | N26: Coiled wire closed with re-usable material | O26: Coiling station to be used. Wires to be placed in horizontal trays. To close the coiled wire re-usable / recyclable material to be used. | Q26: 10.5 | R26: pc | T26: =+S26*Q26 -> 0 | U26: Automatic
E27: 5001 - 6000 | Q27: 12.6 | R27: pc | T27: =+S27*Q27 -> 0 | U27: Automatic
E28: 6001 - 7000 | Q28: 14.7 | R28: pc | T28: =+S28*Q28 -> 0 | U28: Automatic
E29: 7001 - 8000 | Q29: 15.2 | R29: pc | T29: =+S29*Q29 -> 0 | U29: Automatic
E30: 8001 - 9000 | Q30: 17.1 | R30: pc | T30: =+S30*Q30 -> 0 | U30: Automatic
E31: 9001 - 10 000 | Q31: 19 | R31: pc | T31: =+S31*Q31 -> 0 | U31: Automatic
E32: 10 001 - 11 000 | Q32: 20.9 | R32: pc | T32: =+S32*Q32 -> 0 | U32: Automatic
E33: 11 001 - 11 000 | Q33: 22.8 | R33: pc | T33: =+S33*Q33 -> 0 | U33: Automatic
E34: 12 001 - 13 000 | Q34: 24.7 | R34: pc | T34: =+S34*Q34 -> 0 | U34: Automatic
E35: 13 001 - 14 000 | Q35: 26.6 | R35: pc | T35: =+S35*Q35 -> 0 | U35: Automatic
E36: 14 001 - 15 000 | Q36: 28.5 | R36: pc | T36: =+S36*Q36 -> 0 | U36: Automatic
E37: 15 001 - 16 000 | Q37: 30.4 | R37: pc | T37: =+S37*Q37 -> 0 | U37: Automatic
E38: 16 001 - 17 000 | Q38: 32.3 | R38: pc | T38: =+S38*Q38 -> 0 | U38: Automatic
... E40: 18 001 - 19 000 | Q40: 36.1 | R40: pc | T40: =+S40*Q40 -> 0 | U40: Automatic
T41: =+S41*Q41 -> 0
T42: =+S42*Q42 -> 0
T43: =+S43*Q43 -> 0
A45: Get coiled wire | E45: Get coiled wire (antenna, twist, double, multiconductor, coaxial etc) for plugging | I45: Pick up the coiled wire, remove the ball fix, ready for plug | N45: Pick up the coiled wire | O45: Wire ready for plugging | Q45: 4.33 | R45: pc | T45: =+S45*Q45 -> 0 | U45: Automatic
A47: Get and Route wires ( get and remove wires from rack operation to be used only for uncoiled wires) | E47: Get and remove wires from rack | I47: up to 1000 mm | M47: Reach for wire | O47: Wire in hand ready for first plug | Q47: 1.625 | R47: pc | S47: 52 | T47: =+S47*Q47 -> 84.5 | U47: Semi-auto
E48: Route wires on board | I48: up to 1000 mm | M48: Wire in hand after first plug | O48: Wire in hand ready for second plug | Q48: 1.46 | R48: pc | S48: 56 | T48: =+S48*Q48 -> 81.76 | U48: Semi-auto
E49: Get and remove wires from rack | I49: 1001-2000 mm | M49: Reach for wire | O49: Wire in hand ready for first plug | Q49: 2.485 | R49: pc | S49: 63 | T49: =+S49*Q49 -> 156.555 | U49: Semi-auto
E50: Route wires on board / to be used also for routing of automated kits (Kx Zeta kits) or group of leads NOTE: for automated kit the lenght is not considered, the only citerium is the number of connectors | I50: 1001-2000 mm | M50: Wire in hand after first plug | O50: Wire in hand ready for second plug | Q50: 2.435 | R50: pc / per # of connector in automated (Zeta) kit | S50: 64 | T50: =+S50*Q50 -> 155.84 | U50: Semi-auto
E51: Get and remove wires from rack | I51: 2001-3000 mm | M51: Reach for wire | O51: Wire in hand ready for first plug | Q51: 3.75 | R51: pc | S51: 4 | T51: =+S51*Q51 -> 15 | U51: Semi-auto
E52: Route wires on board | I52: 2001-3000 mm | M52: Wire in hand after first plug | O52: Wire in hand ready for second plug | Q52: 3.215 | R52: pc | S52: 4 | T52: =+S52*Q52 -> 12.86 | U52: Semi-auto
E53: Get and remove wires from rack | I53: 3001-4000 mm | M53: Reach for wire | O53: Wire in hand ready for first plug | Q53: 5.958 | R53: pc | T53: =+S53*Q53 -> 0 | U53: Semi-auto
E54: Route wires on board | I54: 3001-4000 mm | M54: Wire in hand after first plug | O54: Wire in hand ready for second plug | Q54: 7.141 | R54: pc | T54: =+S54*Q54 -> 0 | U54: Semi-auto
E55: Get and remove wires from rack | I55: 4001-5000 mm | M55: Reach for wire | O55: Wire in hand ready for first plug | Q55: 7.4765 | R55: pc | T55: =+S55*Q55 -> 0 | U55: Semi-auto
E56: Route wires on board | I56: 4001-5000 mm | M56: Wire in hand after first plug | O56: Wire in hand ready for second plug | Q56: 9.4995 | R56: pc | T56: =+S56*Q56 -> 0 | U56: Automatic
E57: Get and remove wires from rack | I57: 5001-6000 mm | M57: Reach for wire | O57: Wire in hand ready for first plug | Q57: 8.692 | R57: pc | T57: =+S57*Q57 -> 0 | U57: Semi-auto
E58: Route wires on board NOTE for NA Region: (NA: use also for subh, pigtails with unknown estimated length, rounded to 12 sec) | I58: 5001-6000 mm | M58: Wire in hand after first plug | O58: Wire in hand ready for second plug | Q58: 11.9245 | R58: pc | T58: =+S58*Q58 -> 0 | U58: Automatic
E59: Get and remove wires from rack | I59: 6001-7000 mm | M59: Reach for wire | O59: Wire in hand ready for first plug | Q59: 8.79 | R59: pc | T59: =+S59*Q59 -> 0 | U59: Semi-auto
E60: Route wires on board | I60: 6001-7000 mm | M60: Wire in hand after first plug | O60: Wire in hand ready for second plug | Q60: 14.59 | R60: pc | T60: =+S60*Q60 -> 0 | U60: Automatic
E61: Get and remove wires from rack | I61: 7001-8000 mm | M61: Reach for wire | O61: Wire in hand ready for first plug | Q61: 10.13 | R61: pc | T61: =+S61*Q61 -> 0 | U61: Semi-auto
E62: Route wires on board | I62: 7001-8000 mm | M62: Wire in hand after first plug | O62: Wire in hand ready for second plug | Q62: 17.835 | R62: pc | T62: =+S62*Q62 -> 0 | U62: Automatic
E63: Get and remove wires from rack | I63: 8001-9000 mm | M63: Reach for wire | O63: Wire in hand ready for first plug | Q63: 13.221 | R63: pc | T63: =+S63*Q63 -> 0 | U63: Semi-auto
E64: Route wires on board | I64: 8001-9000 mm | M64: Wire in hand after first plug | O64: Wire in hand ready for second plug | Q64: 22.261 | R64: pc | T64: =+S64*Q64 -> 0 | U64: Automatic
... E74: Route wires on board | I74: 17001-19000 mm | M74: Wire in hand after first plug | O74: Wire in hand ready for second plug | Q74: 59.865 | R74: pc | T74: =+S74*Q74 -> 0 | U74: Automatic
A79: Plugging | E79: LED navigation to plug one color wires / special wires (including multiconductors) to connector | I79: Wires of one or two colours in one harness where any marking on insulation is not allowed To be used also for connectors with safety functions, ABS, airbags, ESP, Nano | M79: Aglin the terminal with the plate | O79: Terminal ready for the plugging operation | Q79: 0.8 | R79: pc | T79: =+S79*Q79 -> 0 | U79: Manual
E80: Plug unsealed terminals to connectors | I80: Unsealed terminals / unsealed connector (for busbar count each terminal) | M80: Align terminal with connector cavity | O80: Release plugged wire | Q80: 2.5 | R80: pc | S80: 42 | T80: =+S80*Q80 -> 105 | U80: Automatic
E81: Plug seal terminals to connectors (to be used for 0,13 sealed) | I81: sealed terminals to UNSEALED connector | M81: Align terminal with connector cavity | O81: Release plugged wire | Q81: 4 | R81: pc | S81: 89 | T81: =+S81*Q81 -> 356 | U81: Automatic
E82: Plugging of unsealed 0,13mm² PVC & PPE | I82: 0,13mm² PVC & PPE plugging time | M82: Reach for wire | O82: Release wire | Q82: 3.125 | R82: pc | T82: =+S82*Q82 -> 0 | U82: Automatic
E83: Plug unsealed terminals to seal connectors | I83: Unsealed terminals to seal connector | M83: Align terminal with connector cavity | O83: Release plugged wire | Q83: 4.2 | R83: pc | S83: 79 | T83: =+S83*Q83 -> 331.8 | U83: Automatic
E84: Plug unsealed terminals to seal connectors (deep cavity > 30 mm) | I84: Unsealed terminals to seal connectors with deep cavities > 30mm | M84: Align terminal with connector cavity | O84: Released plugged wire | Q84: 6.5 | R84: pc | T84: =+S84*Q84 -> 0 | U84: Automatic
I85: To be used also for terminals that require help tool usage /or double plugging method NOTE FOR HV PROD: to be used also for HV plugging terminals of muliticore wire with short open ends. Plug contact housing to outer housing in multicore wires. | R85: pc | T85: =+S85*Q85 -> 0 | U85: Manual
E86: Plug silicon wires sealed / unsealed to connectors | I86: Sealed / unsealed terminals to connector | M86: Align terminal with connector cavity | O86: Release plugged wire | Q86: 4.49 | R86: pc | T86: =+S86*Q86 -> 0 | U86: Automatic
E87: Plug leads with sonic splice ends | I87: To V-pin | M87: Align wire end with V-pin | O87: Release wire | Q87: 1.4 | R87: pc | S87: 50 | T87: =+S87*Q87 -> 70 | U87: Automatic
E88: Plug blunt ends/loose term | I88: Plug leads with no terminals to V-pin | M88: Align wire end with V-pin | O88: Release wire | Q88: 2.3 | R88: pc | T88: =+S88*Q88 -> 0 | U88: Automatic
E89: Plug battery terminal | I89: Plug battery terminal to the holder | M89: Align terminal with holder | O89: Release plugged wire | Q89: 4 | R89: pc | S89: 5 | T89: =+S89*Q89 -> 20 | U89: Semi-automatic
E90: Plug ring terminals | I90: Plug ring terminal to pin | M90: Align terminal with pin | O90: Release plugged wire | Q90: 1.74 | R90: pc | S90: 3 | T90: =+S90*Q90 -> 5.22 | U90: Semi-automatic
E91: Plug terminals to jelly seal connectors | I91: Plug terminals to jelly seal connectors | M91: Align terminal with connector cavity | O91: Release plugged wire | Q91: 5.5 | R91: pc | T91: =+S91*Q91 -> 0 | U91: Automatic
E92: Plug cavity plugs | I92: Insert cavity plugs in connectors | M92: Reach for cavity plugs | O92: Release inserted cavity plugs | Q92: 4 | R92: pc | T92: =+S92*Q92 -> 0 | U92: moved to LP to have possibility to choose between LP and FA location
E93: Plug connector seal / gasket / seal o-ring | I93: Insert seal in connector | M93: Reach for seal | O93: Relese inserted seal | Q93: 6 | R93: pc | T93: =+S93*Q93 -> 0 | U93: Manual
E94: Plug connector seal / gasket | I94: Insert seal in clip | N94: Reach for seal | O94: Release inserted seal | Q94: 3.53 | R94: pc | T94: =+S94*Q94 -> 0 | U94: Automatic
E95: Seal over connector | I95: Apply seal over connector (Seal Inserter for Conn seal) To be used also for oxygen sensor: Insert seal into the connector using tool | N95: Reach for seal | O95: Release connector with seal | Q95: 9.75 | R95: pc | T95: =+S95*Q95 -> 0 | U95: Automatic
E96: In-line connectors (connect male and female connector) | I96: plug one connector to another one | M96: Reach for the connector | O96: Release connected connectors | Q96: 6 | R96: pc | S96: 1 | T96: =+S96*Q96 -> 6 | U96: Automatic
A97: DCT250 Clean process for material (components) and wires | E97: Wire | I97: CC KB bundle=300 (600pcs/time) | M97: Turn on the cleaning equipment | O97: Turn off the cleaning equipment | Q97: 0.1117 | R97: pc | T97: =+S97*$Q97 -> 0
I98: CC KB bundle=100 (200pcs/time) | M98: Turn on the cleaning equipment | O98: Turn off the cleaning equipment | Q98: 0.335 | R98: pc | T98: =+S98*$Q98 -> 0
I99: LP KB bundle=100 (100pcs/time) | M99: Turn on the cleaning equipment | O99: Turn off the cleaning equipment | Q99: 0.5 | R99: pc | T99: =+S99*$Q99 -> 0
I100: LP KB bundle=50 (50pcs/time) | M100: Turn on the cleaning equipment | O100: Turn off the cleaning equipment | Q100: 1 | R100: pc | T100: =+S100*$Q100 -> 0
E101: Material (components) | I101: 1-16 way connector (300pcs/time) | M101: Turn on the cleaning equipment | O101: Turn off the cleaning equipment | Q101: 0.1983 | R101: pc | T101: =+S101*$Q101 -> 0
I102: 1-16 way connector (200pcs/time) | M102: Turn on the cleaning equipment | O102: Turn off the cleaning equipment | Q102: 0.2975 | R102: pc | T102: =+S102*$Q102 -> 0
I103: > 16 way connector (100pcs/time) | M103: Turn on the cleaning equipment | O103: Turn off the cleaning equipment | Q103: 0.595 | R103: pc | T103: =+S103*$Q103 -> 0
I104: Special Connector (25pcs/time) | M104: Turn on the cleaning equipment | O104: Turn off the cleaning equipment | Q104: 2.38 | R104: pc | T104: =+S104*$Q104 -> 0
A105: Assisted Plugging (SOGS - Smart Operator Guidance System - Machine) EU | E105: Process Initialization: scan the manifest, place connector into holder, automatic connector verification, robot initialization | I105: Executed only 1 time per connector | N105: Operator picks up kit of wires from connection tool | O105: Robot moves into position to start first plugging | Q105: 27 | R105: pc | T105: =+S105*$Q105 -> 0
E106: Plugging Cavity Plugs (0,5 and 1.2 cavities) | I106: Cavity Plug in a 0.5 cavity (with robot's assistance) | N106: Operator picks up cavity plug to be plugged | O106: Robots moves to next cavity | Q106: 4.2 | R106: pc | T106: =+S106*$Q106 -> 0
I107: Cavity Plug in a 1.2 cavity (without robot's assistance - vision verification is needed) | N107: Operator picks up cavity plug to be plugged | O107: Vision system validates the plugging | Q107: 3.3 | R107: pc | T107: =+S107*$Q107 -> 0
E108: Plugging Wires (0,5 Nano terminals; 1.2 & 2.8 terminals) | I108: Twisted or Jacked wire in 0.5 cavities (with robot's assistance) | N108: Operator picks up wire to be plugged | O108: Robots moves to next cavity | Q108: 15.3 | R108: pc | T108: =+S108*$Q108 -> 0
I109: Single wire in a 0.5 cavity (with robot's assistance) | N109: Operator picks up wire to be plugged | O109: Robots moves to next cavity | Q109: 10.9 | R109: pc | T109: =+S109*$Q109 -> 0
I110: Single wire in a 1.2 cavity (without robot's assistance) | N110: Operator picks up the wire to be plugged | O110: Operator plugs the wire in the respective cavity | Q110: 6 | R110: pc | T110: =+S110*$Q110 -> 0
E111: Process Conclusion: printing the label, scan the label, place the label on connector, take the kit out of the machine and place on connection tool | I111: Executed only 1 time per connector | N111: Operator scans printed label | O111: Operator stores the produced connector in pagoda | Q111: 22 | R111: pc | T111: =+S111*$Q111 -> 0
Q112: TOTAL = | T112: =SUM(T4:T111) -> 1497.535

Sheet FA Taping
A1: FA - TAPING
A2: BUILD CATEGORY | C2: ACTIVITY DESCRIPTION | D2: Standard Description | E2: CLOCK START | F2: CLOCK STOP | G2: GLOBAL SEC/PC | H2: UNIT | I2: Qty | J2: Total Time
A3: Automatic taping | C3: Load/unload wires/harness to machine | D3: Does not include any taping - only start of tape on wires | E3: Reach for wires | F3: Release taped wires on rack | G3: 8.5 | H3: pc | J3: =+I3*G3 -> 0 | K3: Manual
C4: Machine Taping time (Secs. /mm) | D4: Ondal or similar | E4: Machine starts taping | F4: Machine stops taping at pre-set dimension | G4: 0.009 | H4: mm | J4: =+I4*G4 -> 0 | K4: Manual
A6: Manual taping | C6: Apply spot tape-PVC/Textile/Cloth | D6: Single spot tape. | E6: Reach for tape | F6: Release taped branch | G6: 4.2 | H6: pc | I6: 9 | J6: =+I6*G6 -> 37.8 | K6: Manual
D7: Close conduit with tape | G7: 6.2 | H7: pc | I7: 2 | J7: =+I7*G7 -> 12.4 | K7: Manual
D8: Tape under and tape on clip (L) | G8: 6.2 | H8: pc | J8: =+I8*G8 -> 0 | K8: Manual
C9: Tape on body clip / clamp | D9: Locate & hold clip / clamp over branch | E9: Get clip / clamp | F9: Release clip / clamp on branch | G9: 3 | H9: pc | J9: =+I9*G9 -> 0 | K9: Automatic
C10: Apply double spot tape-PVC/Textile/Cloth | D10: Double spot tape. To be used also for tape on body clip / diaper. | E10: Reach for tape | F10: Release taped branch | G10: 7.2 | H10: pc | J10: =+I10*G10 -> 0 | K10: Manual
D11: Secure grommets to branch with tape. | G11: 7.2 | J11: =+I11*G11 -> 0 | K11: Manual
D12: Tape cable channel closed operation | G12: 7.2 | H12: pc | I12: 1 | J12: =+I12*G12 -> 7.2 | K12: Manual
D13: Tape under conduit end and close conduit with tape. To secure covering. Time to be used also to fix coflex tube | G13: 8.8 | H13: pc | I13: 70 | J13: =+I13*G13 -> 616 | K13: Manual
D14: Tape under and double tape on clip | G14: 8.8 | H14: pc | J14: =+I14*G14 -> 0 | K14: Manual
C15: Note: For automatic calculation on GSD; If branch length available in GSD multiply it by SEC/PC otherwise, as approach multiply SEC/PC by tape length/1.5 for spiral tapes and tape length/2 for others.
A16: Manual taping Overlape/Spiral | C16: Get and start Tape | D16: Apply to PVC/Textile / felt tape for overlape/spiral | E16: Get tape | F16: taping started over branch | G16: 5 | H16: pc | I16: 9 | J16: =(I16-L16)*G16 -> 45 | K16: Manual | M16: =I16-L16 -> 9
A17: Manual taping | C17: Overlap taping /double overlap / full - PVC | D17: Tape width = 16 mm | E17: Hold tape | F17: Split tape | G17: 0.052 | H17: mm | J17: =+I17*G17 -> 0 | K17: Manual
D18: Tape width = 19 mm | E18: Hold tape | F18: Split tape | G18: 0.036 | H18: mm | I18: 915 | J18: =+I18*G18 -> 32.94 | K18: Manual
D19: Tape width = 25 mm | E19: Hold tape | F19: Split tape | G19: 0.032 | H19: mm | J19: =+I19*G19 -> 0 | K19: Manual
D20: Tape width = 32 mm | E20: Hold tape | F20: Split tape | G20: 0.028 | H20: mm | J20: =+I20*G20 -> 0 | K20: Manual
C21: Overlap taping / double overlap / full -Textile/Cloth / Loom | D21: Tape width = 19 mm | E21: Hold tape | F21: Split tape | G21: 0.044 | H21: mm | I21: 245 | J21: =+I21*G21 -> 10.78 | K21: Manual
D22: Tape width = 19 mm when overlap equal or over 50% requested by Customer | E22: Hold tape | F22: Split tape | G22: 0.058 | H22: mm | J22: =+I22*G22 -> 0 | K22: Manual
D23: Tape width = 25 mm | E23: Hold tape | F23: Split tape | G23: 0.038 | H23: mm | J23: =+I23*G23 -> 0 | K23: Manual
D24: Tape width = 25 mm when overlap equal or over 50% requested by Customer | E24: Hold tape | F24: Split tape | G24: 0.051 | H24: mm | J24: =+I24*G24 -> 0
D25: Tape width = 32 mm | E25: Hold tape | F25: Split tape | G25: 0.03 | H25: mm | J25: =+I25*G25 -> 0 | K25: Manual
C26: Overlap Taping / double overlap / full - Felt | D26: Tape width = 19 mm | E26: Hold tape | F26: Split tape | G26: 0.049 | H26: mm | J26: =+I26*G26 -> 0 | K26: Manual
D27: Tape width = 25 mm | E27: Hold tape | F27: Split tape | G27: 0.039 | H27: mm | J27: =+I27*G27 -> 0 | K27: Manual
D28: Tape width = 38 mm | E28: Hold tape | F28: Split tape | G28: 0.027 | H28: mm | J28: =+I28*G28 -> 0
D29: Tape width = 38 mm mm when overlap equal or over 50% requested by Customer | E29: Hold tape | F29: Split tape | G29: 0.039 | H29: mm | J29: =+I29*G29 -> 0 | K29: Manual
C30: Overlap Taping-Foam | D30: Per mm | E30: Hold tape | F30: Split tape | G30: 0.08 | H30: mm | J30: =+I30*G30 -> 0 | K30: Manual
C31: Overlap / Solid taping -- cloth (burrito) | D31: Tape widt = 35 mm | E31: Hold tape | F31: Split tape | G31: 0.048 | H31: mm | J31: =+I31*G31 -> 0
C32: Overlap / Solid taping -- cloth (burrito) | D32: Tape widt > 35 mm | E32: Hold tape | F32: Split tape | G32: 0.06 | H32: mm | J32: =+I32*G32 -> 0 | K32: Manual
C33: Overlap Taping-Aluminized Film / moon tape (heat reflective) | D33: Tape width 32 mm | E33: Hold tape | F33: Split tape | G33: 0.04 | H33: mm | J33: =+I33*G33 -> 0 | K33: Manual
D34: Tape width 25 mm | E34: Hold tape | F34: Split tape | G34: 0.045 | H34: mm | J34: =+I34*G34 -> 0 | K34: Manual
A37: Manual taping | C37: Spiral Taping-PVC | D37: Tape width = 9 mm | E37: Hold tape | F37: Split tape | G37: 0.029 | H37: mm | J37: =+I37*G37 -> 0 | K37: Manual
D38: Tape width = 16 mm | E38: Hold tape | F38: Split tape | G38: 0.025 | H38: mm | J38: =+I38*G38 -> 0 | K38: Manual
D39: Tape width = 19 mm | E39: Hold tape | F39: Split tape | G39: 0.02 | H39: mm | I39: 595 | J39: =+I39*G39 -> 11.9 | K39: Manual
D40: Tape width = 25 mm | E40: Hold tape | F40: Split tape | G40: 0.015 | H40: mm | J40: =+I40*G40 -> 0 | K40: Manual
D41: Tape width = 32 mm | E41: Hold tape | F41: Split tape | G41: 0.017 | H41: mm | J41: =+I41*G41 -> 0 | K41: Manual
C42: Spiral taping-Textile/Cloth | D42: Tape width = 9 mm | E42: Hold tape | F42: Split tape | G42: 0.032 | H42: mm | J42: =+I42*G42 -> 0 | K42: Manual
D43: Tape width = 12.5 mm | E43: Hold tape | F43: Split tape | G43: 0.026 | H43: mm | J43: =+I43*G43 -> 0 | K43: Manual
D44: Tape width = 19 mm | E44: Hold tape | F44: Split tape | G44: 0.023 | H44: mm | J44: =+I44*G44 -> 0 | K44: Manual
C45: Spiral taping-Felt | D45: Tape width = 9 mm | E45: Hold tape | F45: Split tape | G45: 0.033 | H45: mm | J45: =+I45*G45 -> 0 | K45: Manual
D46: Tape width = 25 mm | E46: Hold tape | F46: Split tape | G46: 0.017 | H46: mm | J46: =+I46*G46 -> 0 | K46: Manual
D47: Tape width = 38 mm | E47: Hold tape | F47: Split tape | G47: 0.014 | H47: mm | J47: =+I47*G47 -> 0 | K47: Manual
C48: Spiral Taping-Foam | D48: Per mm | E48: Hold tape | F48: Split tape | G48: 0.03 | H48: mm | J48: =+I48*G48 -> 0 | K48: Manual
A50: Foam / Felt / Vinyl taping | C50: Get and remove protection | D50: Per piece | E50: Get sheet | F50: Release protection | G50: 4.9 | H50: pc | J50: =+I50*G50 -> 0 | K50: Manual
C51: Apply Foam /Felt / Vinyl Tape (flag) | D51: Per mm | E51: Apply | F51: Release branch | G51: 0.021 | H51: mm | J51: =+I51*G51 -> 0 | K51: Manual
C52: Apply Foam / Longitudinal | D52: Part / Bulk | E52: Apply | F52: Release branch | G52: 0.021 | H52: mm | J52: =+I52*G52 -> 0 | K52: Manual
C53: Get and Apply Foam Tape (Wrap) | D53: Per piece | E53: Get tape | F53: Release branch | G53: 6.4 | H53: pc | J53: =+I53*G53 -> 0 | K53: Manual
C54: Foam tape on connector | D54: Per piece | E54: Reach for tape | F54: Release taped connector | G54: 4 | H54: pc | J54: =+I54*G54 -> 0 | K54: Manual
A56: Manual taping | C56: Apply felt tape "cigarrete" shape | D56: Per mm | E56: Get tape | F56: Release branch | G56: 0.018 | H56: mm | J56: =+I56*G56 -> 0 | K56: Manual
A57: Manual taping | C57: Get And Apply Vinyl / longitudinal application of sleeve | D57: Get and remove protection of vinyl sheet | E57: Get vinyl sheet | F57: Release protection | G57: 4.5 | H57: pc | J57: =+I57*G57 -> 0 | K57: Manual
D58: Apply vinyl sheet / sleeve with some straps of glue on the surface | E58: Apply vinyl sheet | F58: Release branch | G58: 0.08 | H58: mm | J58: =+I58*G58 -> 0 | K58: Manual
A60: Manual taping | C60: Tape outlet - open branch (T Shape) | D60: Per outlet/branch | E60: Reach for tape | F60: Release taped branch | G60: 5 | H60: pc | I60: 1 | J60: =+I60*G60 -> 5 | K60: Manual
C61: Taping Outlet Closed/Branch ("T" Shape) | D61: Per outlet/branch | E61: Reach for tape | F61: Release taped branch | G61: 7 | H61: pc | I61: 19 | J61: =+I61*G61 -> 133 | K61: Manual
C62: For each additional Closed / open outlets | D62: Per outlet/branch | E62: Reach for tape | F62: Release taped branch | G62: 3 | H62: pc | I62: 17 | J62: =+I62*G62 -> 51 | K62: Manual
C63: Conduit outlet (closed / open) - application of conduit over outlet / branch | D63: Per outlet | E63: Reach for tape | F63: Release taped branch | G63: 3 | H63: pc | J63: =+I63*G63 -> 0 | K63: Manual
J64: =+I64*G64 -> 0
A65: Manual Taping | C65: Velvet tape overlap | D65: Per mm | E65: Reach for tape | F65: Release taped branch | G65: 0.0498 | H65: mm | J65: =+I65*G65 -> 0 | K65: Manual
C66: Scapa felt tape overlap | D66: Per mm | E66: Reach for tape | F66: Release taped branch | G66: 0.029 | H66: mm | J66: =+I66*G66 -> 0 | K66: Manual
C67: PVC abrasive tape overlap 32 mm | D67: (M2706002) Per mm | E67: Reach for tape | F67: Release taped branch | G67: 0.04 | H67: mm | J67: =+I67*G67 -> 0 | K67: Manual
C68: Taping with non-adhesive tape (type "Amoureux") | D68: Per mm | E68: Reach for tape | F68: Release taped branch | G68: 0.022 | H68: mm | J68: =+I68*G68 -> 0 | K68: Manual
A70: Manual Taping | C70: plasto foam tape application | D70: Per mm | E70: Reach for tape | F70: Release taped branch | G70: 0.018 | H70: mm | J70: =+I70*G70 -> 0 | K70: Manual
C71: penalty for each additional breakout (plasto foam tape) | D71: Per additonal breakout | E71: Reach for tape | F71: Release taped branch | G71: 1.8 | H71: pc | J71: =+I71*G71 -> 0 | K71: Manual
C72: Foam tape without glue | D72: Per mm | E72: Reach for tape | F72: Release taped branch | G72: 0.137 | H72: mm | J72: =+I72*G72 -> 0 | K72: Manual
C73: Cut tape with scissors or other tool | D73: Per tape cut event / only used for Mspecs defined by Regions - see comment | E73: Reach for scissors | F73: Release taped branch | G73: 3.216 | H73: pc | I73: 1 | J73: =(I73-L73)*G73 -> 3.216 | K73: Manual | M73: =I73-L73 -> 1
C74: Cut tape with scissors or other tool . For width size >35 mm | D74: Per tape cut event / only used for Mspecs defined by Regions - see comment | E74: Reach for scissors | F74: Release taped branch | G74: 4 | H74: pc | J74: =(I74-L74)*G74 -> 0 | M74: =I74-L74 -> 0
C75: Rubber Tape | D75: Per mm | E75: Reach for tape | F75: Release taped branch | G75: 0.12 | H75: mm | J75: =+I75*G75 -> 0 | K75: Manual
C76: SPOT OVER HANKING HARNESS | D76: Application of paper tape / plastic tie / plactic ribbon / twine | E76: Reach for tape | F76: Release taped harness | G76: 8 | H76: pc | I76: 5 | J76: =+I76*G76 -> 40 | K76: Manual
C77: TAPE BACK CONN (connect. tie downs) | D77: Branch to branch+ 1 spot tape | E77: Reach for tape | F77: Release taped branch | G77: 5.69 | H77: pc | J77: =+I77*G77 -> 0 | K77: Manual
C78: TAPE BACK CONN. (U Shape) (connect. tie downs) | D78: Coiling time + spot tape | E78: Reach for tape | F78: Release taped branch | G78: 5.69 | H78: pc | I78: 1 | J78: =+I78*G78 -> 5.69 | K78: Manual
C79: TAPE BACK CONN. (N Shape) (connect. tie downs) | D79: Coiling time + spot tapes | E79: Reach for tape | F79: Release taped branch | G79: 9.78 | H79: pc | J79: =+I79*G79 -> 0 | K79: Manual
C80: TAPE BACK CONN. (W Shape) (connect. tie downs) | D80: Coiling time + spot tapes | E80: Reach for tape | F80: Release taped branch | G80: 12.8 | H80: pc | J80: =+I80*G80 -> 0 | K80: Manual
G81: TOTAL FA | J81: =SUM(J3:J75) -> 966.236
G82: TOTAL P.K. | J82: =SUM(J76:J80) -> 45.69

Sheet FA Miscellaneos
A1: MISCELLANEOUS
A2: BUILD CATEGORY | C2: ACTIVITY DESCRIPTION | E2: Standard Description | F2: CLOCK START | G2: CLOCK STOP | H2: GLOBAL SEC/PC | I2: UNIT | J2: QTY | K2: Total Time
A3: MISC. ASSEMBLY | C3: Apply secondary locks and covers to connectors / grommet | E3: Loose piece secondary Locks/Covers/Combs / Inserts / hexagonal lock | F3: Get component | G3: Release connector | H3: 4.6 | I3: pc | J3: 11 | K3: =+J3*H3 -> 50.6 | L3: Semi-automatic
E4: Close secondary locks/covers which are attached to connectors | F4: Reach for connector | G4: Release connector | H4: 1.49 | I4: pc | J4: 22 | K4: =+J4*H4 -> 32.78 | L4: Automatic
E5: Large covers for >40 way connectors NOTE FOR HV PROD: apply 2 piece cover to connector | F5: Get component | G5: Release connector | H5: 15.49 | I5: pc | J5: 3 | K5: =+J5*H5 -> 46.47 | L5: Semi-automatic
C6: Apply terminal stabilizer to connector | E6: Assembly terminal stabilizer / retainer / mylar into connector | F6: Get component | G6: Release connector | H6: 6 | I6: pc | K6: =+J6*H6 -> 0 | L6: Automatic
C7: Apply vacuum / washer fluid hose | E7: Get hose and route on board T- to be applied to hoses up to 3 m | F7: Get hose | G7: Release hose | H7: 6 | I7: pc | K7: =+J7*H7 -> 0 | L7: Automatic
C8: get and apply spiral tube | E8: per mm | F8: Reach for spiral tube | G8: Release branch | H8: 0.063 | I8: mm | K8: =+J8*H8 -> 0 | L8: Automatic
A9: Torque | C9: Get harness from transportation system | E9: per harness | F9: Reach for the harness | G9: start of fusebox scanning | H9: 6 | I9: pc | K9: =+J9*H9 -> 0
C10: Scan manifest/ barcode label | E10: per harness | F10: Reach for the scanner | G10: Scanner putting down | H10: 2.8 | I10: pc | K10: =+J10*H10 -> 0
C11: Fusebox scanning (if requested by Customer) | E11: per fusebox | F11: reach for the scanner | G11: Scanner putting down | H11: 2.8 | I11: pc | K11: =+J11*H11 -> 0
C12: Fusebox placing into holder | E12: per fusebox | F12: Scanner putting down | G12: Fusebox fixed into holder | H12: 5 | I12: pc | K12: =+J12*H12 -> 0
C13: Get and Apply Screw (machine or self-tapping screw) | E13: per Screw | F13: Reach for Screw | G13: Release Screw | H13: 6.5 | I13: pc | K13: =+J13*H13 -> 0 | L13: Automatic
C14: Get and apply BOLT With/Without COVER + Tightening | E14: Per Piece | F14: Reach for bolt and cover | G14: Release connector/ring terminal after apply the nut/screw | H14: 10 | I14: pc | K14: =+J14*H14 -> 0 | L14: Automatic
C15: BOLT CONN PROCESS | E15: Per Piece | F15: Reach for screw | G15: Release connector after apply the screw | H15: 8.8 | I15: pc | K15: =+J15*H15 -> 0 | L15: Automatic
C16: Get and apply NUT TO BOLT + Tightening | E16: Per Piece | F16: Reach for nut | G16: Release connector/ring terminal after apply the nut/screw | H16: 15 | I16: pc | K16: =+J16*H16 -> 0
C17: Remove fusebox from holder after finished test | E17: per fusebox | F17: Reach for the fusebox | G17: Fusebox on the transportation system | H17: 4 | I17: pc | K17: =+J17*H17 -> 0
A18: GET SUPPORT AND ASSEMBLY CONNECTOR | C18: Get support and assembly connector to support | E18: Get Support | F18: Get Support | G18: Release support | H18: 4.2 | I18: pc | K18: =+J18*H18 -> 0 | L18: Manual
E19: Assembly Conn to Support | F19: Get component | G19: Release connector | H19: 3.6 | I19: pc | K19: =+J19*H19 -> 0 | L19: Manual
A20: GET , APPLY AND FIX COFLEX TUBE | C20: For Coflex Tube the time included To get, Apply and adjust tubes in right position | F20: Get Coflex tube | G20: Release tube | H20: 6.05 | I20: pc | K20: =+J20*H20 -> 0 | L20: Automatic
F21: Reach coflex tube | G21: release branch after finish application | H21: 0.052 | I21: mm | K21: =+J21*H21 -> 0 | L21: Automatic
A22: GET , APPLY AND FIX KNITTED UNSLITTED TUBE ( GAINE TRESSEE ) | F22: GET , APPLY AND FIX | H22: 20.5 | I22: pc | K22: =+J22*H22 -> 0 | L22: Automatic
A23: GET AND APPLY LOCATWRAP TUBE | F23: GET AND APPLY | H23: 0.073 | I23: mm | K23: =+J23*H23 -> 0 | L23: Automatic
A24: Raidisseur Application inside Harness unflexible tube | F24: GET AND APPLY | H24: 0.01 | I24: mm | K24: =+J24*H24 -> 0 | L24: Manual
A25: Conduits and Tubes SEALED / UNSEALED WIRES | C25: Get closed (unslit) conduits and tubes - sealed / unsealed wires | E25: Per Piece | F25: Get conduit/tube | G25: Reach for branch | H25: 5.941 | I25: pc | J25: 9 | K25: =+J25*H25 -> 53.469 | L25: Automatic
C26: Apply closed (unslit) conduits and tubes - sealed / unsealed wires | E26: Per mm | F26: Start Apply | G26: Release branch | H26: 0.01213 | I26: mm | J26: 1125 | K26: =+J26*H26 -> 13.64625 | L26: Automatic
C27: Insert wires through closed conduits/tubes 0mm - 1500mm NOTE: group of wires (twists, multiconductors etc) to be considered as 1 wire | E27: per each wire | F27: Reach for wire | G27: Release branch | H27: 2.595 | I27: pc | J27: 39 | K27: =+J27*H27 -> 101.205 | L27: Automatic
C28: Insert wires through closed conduits/tubes 1501mm - 6000mm NOTE: group of wires (twists, multiconductors etc) to be considered as 1 wire | E28: per each wire | F28: Reach for wire | G28: Release branch | H28: 6.48 | I28: pc | K28: =+J28*H28 -> 0 | L28: Automatic
A29: Pass wires in tubes | C29: M-SPEC: M 3558 ... LENGHT > 250mm or pass wires UL3123 M - SPEC: M3419... IN TUBES UNSLIT | E29: Time additional PER TUBE | F29: Reach for tube | G29: Release the branch | H29: 31.99 | I29: pc | K29: =+J29*H29 -> 0 | L29: Automatic
A30: Tubes | C30: Glue PVC tubes (glue / sealing tube) | E30: Per application (considering two tubes) | F30: Get hand glue applicator | G30: Release the glued tubes | H30: 15.81 | I30: Per application | K30: =+J30*H30 -> 0 | L30: Manual
E31: Time for additional tube | F31: Get hand glue applicator | G31: Release the glued tubes | H31: 6.108 | I31: pc | K31: =+J31*H31 -> 0 | L31: Manual
C32: Joint fuel tube with sleeve tube | E32: Each group | F32: Get tube | G32: Release tube | H32: 26.44 | I32: pc | K32: =+J32*H32 -> 0 | L32: Automatic
C33: Insert Tube Inside Other Tube | E33: Time per tube / This Time includes Taping Tubes | F33: Get tube | G33: Release tube | H33: 25.002 | I33: pc | K33: =+J33*H33 -> 0 | L33: Manual
A34: Conduits and Tubes | C34: get and start apply slit PVC & braid tubes & conduits (usage of supporting tool is manufacturing standard) | E34: per mm, only get and start over branch | F34: Get tube/conduit | G34: Tube/conduit started over branch | H34: 4.009 | I34: pc | J34: 40 | K34: =+J34*H34 -> 160.36 | L34: Automatic
C35: Apply slit PVC & braid tubes & conduits | E35: per mm, slide conduits over wires (slit convoluted conduit) | F35: Conduit started over branch | G35: Release branch after conduit application | H35: 0.009 | I35: mm | J35: 5530 | K35: =+J35*H35 -> 49.77 | L35: Automatic
E36: per mm, slide PVC & braid tubes over wires (slit PVC & braid tubes and conduit overlap) | F36: Tube started over branch | G36: Release branch after tube application | H36: 0.011 | I36: mm | J36: 714 | K36: =+J36*H36 -> 7.854 | L36: Automatic
C37: Punch Conduit with gun (moon shape) | E37: When a conduit goes through a breakout | F37: Reach for spiral tube | G37: Release branch | H37: 9.9 | I37: Per application | K37: =+J37*H37 -> 0 | L37: Manual
A38: Conduits | C38: apply conduit fittings | E38: apply "end" fitting to conduit - single branch | F38: Reach for "end" piece | G38: Release branch | H38: 5.048 | I38: pc | J38: 2 | K38: =+J38*H38 -> 10.096 | L38: Automatic
E39: Apply conduit clip | H39: 4.2 | I39: pc | J39: 1 | K39: =+J39*H39 -> 4.2 | L39: Manual
E40: apply "T" , "Y", "L" and multi inline fitting over conduits | F40: Reach for the piece | G40: Release branch | H40: 9.798 | I40: pc | K40: =+J40*H40 -> 0 | L40: Automatic
E41: For each additional branch (to be applied to T, Y, L and multi inline) | F41: For each additional branch | G41: Release branch | H41: 2.4 | I41: pc | K41: =+J41*H41 -> 0 | L41: Manual
A42: Grommets / boots / sleeves | C42: over branch (eg: firewall grommet) | E42: using manual spreader | F42: Reach for grommet | G42: Rlease grommet | H42: 26.293 | I42: pc | K42: =+J42*H42 -> 0 | L42: Automatic
C43: over branch (eg: firewall grommet) | E43: using pneumatic spreader | F43: Reach for grommet | G43: Release harness | H43: 24 | I43: pc | K43: =+J43*H43 -> 0 | L43: Manual
C44: Grommet / boot over connector | E44: using manual spreader | F44: Reach for grommet | G44: Release harness | H44: 4.225 | I44: pc | K44: =+J44*H44 -> 0 | L44: Automatic
C45: Sleeve over connector | E45: using manual spreader | F45: Reach for sleeve | G45: Release harness | H45: 4.225 | I45: pc | J45: 1 | K45: =+J45*H45 -> 4.225 | L45: Automatic
C46: DOOR CONDUIT GROMMET | E46: pneumatic tool | F46: Reach for grommet | G46: Release harness | H46: 11 | I46: pc | K46: =+J46*H46 -> 0 | L46: Automatic
C47: Grommet / sleeve over PVC tube | E47: using manual spreader | F47: Reach for grommet/sleeve/boot | G47: Release harness | H47: 15.211 | I47: pc | K47: =+J47*H47 -> 0 | L47: Automatic
C48: Boot or Sleeve over terminal | E48: Start: reach for component Stop: component over terminal | F48: Reach for grommet/sleeve/boot | G48: Release harness | H48: 13.551 | I48: pc | K48: =+J48*H48 -> 0 | L48: Automatic
C49: insert wires through grommet NOTE: group of wires (twists, multiconductors etc) to be considered as 1 wire | E49: per wire | F49: Wires at grommet face | G49: Wires inserted through grommet | H49: 2.413 | I49: pc | K49: =+J49*H49 -> 0 | L49: Automatic
C50: Metalic tube over shield tube (Oxygen sensor) | F50: Reach for farness | G50: Release harness and place on rack | H50: 8.64 | I50: pc | K50: =+J50*H50 -> 0 | L50: Automatic
A51: Grommet retainer | C51: Apply Grommet retainer | E51: Per Retainer | F51: Get Retainer | G51: Release Grommet | H51: 18.76 | I51: pc | K51: =+J51*H51 -> 0 | L51: Automatic
A52: Grommets | C52: Application of Bracelet | E52: Per Apply | F52: Get and apply bracelet | G52: Release grommet | H52: 4.158 | I52: pc | K52: =+J52*H52 -> 0 | L52: Automatic
A53: APPLY POLIPROPILYNE BAR (STICK) | C53: << 100 mm | E53: Hand Work | F53: Reach for Bar | G53: Release Branch | H53: 10.09 | I53: pc | K53: =+J53*H53 -> 0 | L53: Automatic
C54: 100 - 150 mm | E54: Hand Work | F54: Reach for Bar | G54: Release Branch | H54: 18.86 | I54: pc | K54: =+J54*H54 -> 0 | L54: Automatic
C55: >> 150 mm | E55: Hand Work | F55: Reach for Bar | G55: Release Branch | H55: 34 | I55: pc | K55: =+J55*H55 -> 0 | L55: Automatic
A56: Sealing branch | C56: terostat preparation (including weight) | E56: Hand Work | F56: Reach for material | G56: Portion weighted and ready to use | H56: 9.04 | I56: pc | K56: =+J56*H56 -> 0 | L56: moved to LP to have possibility to choose between LP and FA location
C57: get and apply Terostat (sealant), including taping over and sliding grommet over taped area | E57: up to 11 wires | F57: Get Terostat | G57: Release branch | H57: 25.377 | I57: pc | K57: =+J57*H57 -> 0 | L57: Semi-automatic
E58: 12-30 wires | F58: Get Terostat | G58: Release branch | H58: 44.196 | I58: pc | K58: =+J58*H58 -> 0 | L58: Manual
E59: >30 wires | F59: Get Terostat | G59: Release branch | H59: 59.17 | I59: pc | K59: =+J59*H59 -> 0 | L59: Manual
A60: Sealing branch (AP REGION) get and apply sealant, including taping over and sliding grommet over taped area | C60: Load/Unload Branch on the board with tool | E60: Manual | F60: Get Branch | G60: Release branch | H60: 13.458 | I60: pc | K60: =+J60*H60 -> 0
C61: Put sealant on the tool witout protection | E61: Manual | F61: Get sealant | G61: Release sealant | H61: 5.806 | I61: pc | K61: =+J61*H61 -> 0
C62: Put the wire on sealant （per One wire） | E62: Manual | F62: Get Wire | G62: Release wire | H62: 2.671 | I62: pc | K62: =+J62*H62 -> 0
C63: Open twist (if applies) | E63: Manual | F63: Get Wire | G63: Release wire | H63: 2.418 | I63: pc | K63: =+J63*H63 -> 0
C64: Press with tool | E64: Tool - press | F64: Start press | G64: Release branch | H64: 7.932 | I64: pc | K64: =+J64*H64 -> 0
C65: Reshape the branch with tool | E65: Shaping tool | F65: Get branch | G65: Release branch | H65: 12.723 | I65: pc | K65: =+J65*H65 -> 0
C66: Taping on Sealant | E66: Manual | F66: Get tape | G66: Split tape | H66: 0.036 | I66: mm | K66: =+J66*H66 -> 0
C67: Slide grommet over sealant area | E67: Manual | F67: Get Gromment | G67: Release Groment | H67: 6.506 | I67: pc | K67: =+J67*H67 -> 0
A68: Cable channels | C68: apply cable channel to harness branch | E68: per mm of cable channel | F68: Get cable channel | G68: Release harness | H68: 0.039 | I68: mm | J68: 795 | K68: =+J68*H68 -> 31.005 | L68: Automatic
E69: per additional branch | H69: 2.4 | I69: pc | J69: 6 | K69: =+J69*H69 -> 14.4 | L69: Automatic
C70: assemble channel cover | E70: per mm of cable channel | F70: Get cable channel cover | G70: Release harness | H70: 0.02 | I70: mm | K70: =+J70*H70 -> 0 | L70: Automatic
E71: per additional branch | H71: 1.6 | I71: pc | K71: =+J71*H71 -> 0 | L71: Automatic
C72: apply cable tie / strap to the cable channel | E72: per strap/cable tie | F72: Reach for cable tie | G72: Release the component | H72: 5.5 | I72: pc | J72: 9 | K72: =+J72*H72 -> 49.5 | L72: Automatic
C73: apply body clip / pin / fastener to cable channel | E73: per component | F73: Reach for component | G73: Release channel | H73: 2.5 | I73: pc | K73: =+J73*H73 -> 0 | L73: Semi-automatic
A74: Get and apply body clips | C74: join cable tie with body clip | E74: per component | F74: Reach for cable tie | G74: Release the component | H74: 3 | I74: pc | K74: =+J74*H74 -> 0 | L74: moved to LP to have possibility to choose between LP and FA location
C75: apply cable ties / body clip with cable tie | E75: per cable tie / body clip with cable tie application REMARK: to be used also to close cable channel with strap/cable tie | F75: Reach for tie gun | G75: Release tie gun | H75: 8 | I75: pc | J75: 46 | K75: =+J75*H75 -> 368 | L75: Automatic
C76: ASSEMBLE PUSH PIN CLIP/NAIL | E76: Pin clip application | H76: 6.58 | I76: pc | K76: =+J76*H76 -> 0 | L76: Manual
C77: apply body clip to connector | E77: Start: reach for body clip Stop: body clip applied to connector | F77: Get clip | G77: Release connector | H77: 4.23 | I77: pc | K77: =+J77*H77 -> 0 | L77: Automatic
A78: IDC SPLICE MAKE | C78: Assemble IDC splice conn | E78: PER CONN | F78: Get conn | G78: release closed conn | H78: 16.82 | I78: pc | K78: =+J78*H78 -> 0 | L78: Manual
C79: Assemble IDC splice conn | E79: PER WIRE | H79: 2.66 | I79: wire | K79: =+J79*H79 -> 0 | L79: Manual
A80: Plug multiconductor | C80: Assemble terminals | E80: Per terminall | F80: Get terminal | G80: release last term | H80: 1.6 | I80: per terminal | K80: =+J80*H80 -> 0 | L80: Manual
A81: Plug drain wire | C81: Assemble terminals | E81: Use tool to push the terminals | F81: get terminal | G81: release assembled terminal | H81: 8.5 | I81: pc | K81: =+J81*H81 -> 0 | L81: Manual
A82: Clip strap | C82: Apply clip starp to branch | E82: Strap clip | F82: Get clip strap | G82: release strap on branch | H82: 4 | I82: pc | K82: =+J82*H82 -> 0 | L82: Manual
E83: Per each additional clip on the strap | H83: 3 | I83: per clip | K83: =+J83*H83 -> 0 | L83: Manual
A84: Get and apply code label to wire | C84: apply numbered labels to wires | E84: per label | F84: Reach for label | G84: release wire | H84: 11 | I84: pc | K84: =+J84*H84 -> 0 | L84: Automatic
A85: Remove harness from assembly board | C85: remove connectors, etc., from V-pins & holders | E85: per component | F85: Reach for harness | G85: Release harness | H85: 0.72 | I85: pc | J85: 76 | K85: =+J85*H85 -> 54.72 | L85: Automatic
A86: Braiding | C86: Braiding over Branch ( Per 1000 mm) | E86: Braiding machine (Composite & wire machinery) | F86: Machine starts braiding | G86: Machine stops braiding | H86: 81.6 | I86: 1000 mm | K86: =+J86*H86 -> 0 | L86: Manual
C87: Per Outlet (Pass branches through net, arrange branches, apply vynil) | E87: Braiding machine (Composite & wire machinery) | F87: Reach for harness | G87: Release for next process | H87: 50 | I87: pc | K87: =+J87*H87 -> 0 | L87: Manual
C88: Per Occur. ( Braiding starts, Cut excess of braiding) | E88: Braiding machine (Composite & wire machinery) | F88: Reach for harness | G88: Released finished braiding | H88: 25 | I88: pc | K88: =+J88*H88 -> 0 | L88: Manual
A89: Heat braiding end | C89: Cut the waste of Braiding and heat the end or apply PVC spot tape | E89: Braiding-End Heater | F89: Reach for harness | G89: Released finished braiding | H89: 20.75 | I89: pc | K89: =+J89*H89 -> 0 | L89: Manual
A90: Water proof by pressure (positive or negative). Test for sealed grommet (sealed with coldmelt / butyl / terostat) | C90: Scan bar code label / manifest / order | E90: per piece | F90: Reach for scanner | G90: Release harness/component | H90: 2.8 | I90: pc | K90: =+J90*H90 -> 0
C91: Water proof application | E91: Micronorma / per application | F91: Insert branch into pressure chamber | G91: Take out the branch from the pressure chamber and place the harnnes on the hook | H91: =180.93/100*60 -> 108.558 | I91: pc | K91: =+J91*H91 -> 0 | L91: Automatic
E92: per each additional grommet on the harness | H92: 29.64 | I92: pc | K92: =+J92*H92 -> 0
A93: ALRO/ROB (electrical testing of harness) | C93: Scan bar code label / manifest / order | E93: per piece | F93: Reach for scanner | G93: Release harness/component | H93: 2.8 | I93: pc | K93: =+J93*H93 -> 0
C94: Build harness to test board NOTE: to be used also when capacitance test required NOTE for EU & AP: the same standard to be used for kits and subs (wire continuity test) testing based on Electrical Test Approach and associated PFMEA record (Flow 4) NOTE for SA & AP: to be used also when functionality test requested for fuses and relays (consider 2x for connectors that conenct to fuse box) | E94: per component / blunt end / Loose term | F94: Reach for component | G94: Release harness | H94: 1.8 | I94: pc | J94: 76 | K94: =+J94*H94 -> 136.8 | L94: Semi-automatic
C95: assemble electronics (ex: relay, resistor - delete?) | E95: per component | F95: Reach for component | G95: Release harness | H95: 4 | I95: pc | K95: =+J95*H95 -> 0 | L95: Automatic
C96: Test harness and remove from test board NOTE: to be used also when capacitance test required NOTE for EU & AP: the same standard to be used for kits and subs (wire continuity test) testing based on Electrical Test Approach and associated PFMEA record (Flow 4) NOTE for SA & AP: to be used also when functionality test requested for fuses and relays (consider 2x for connectors that conenct to fuse box) | E96: per component: including connectors, grommets, BCs, relays, resistors and color spot marks (tapes) / blunt end / Loose term etc | F96: Press "test start" switch | G96: Harness removed from electrical test board | H96: 1.655 | I96: pc | J96: 96 | K96: =+J96*H96 -> 158.88 | L96: Semi-automatic
C97: Scan bar code label / manifest / order | E97: per piece | F97: Reach for scanner | G97: Release harness/component | H97: 2.8 | I97: pc | J97: 1 | K97: =+J97*H97 -> 2.8
C98: apply label | E98: per label | F98: Reach for label | G98: Release harness/component | H98: 6.916 | I98: pc | J98: 1 | K98: =+J98*H98 -> 6.916
C99: assemble and stack ring terminals (one terminal stacked over other one) | E99: per terminal | F99: Reach for terminal | G99: Release assembly | H99: 2.65 | I99: pc | K99: =+J99*H99 -> 0
C100: Put protection tube on oxygen sensor | E100: per tube | F100: Harness removed from electrical test board | G100: Release harness and place on packaging | H100: 3.3571 | I100: pc | K100: =+J100*H100 -> 0
...
